window,term,episode_contribution,positive_share,negative_share
first_100,action_rate,-0.011349948283532285,0.0,0.07516666572754764
first_100,approach,0.12996566217479996,0.9038558028859848,0.0
first_100,progress,0.00043387027916619303,0.003017382922242087,0.0
first_100,backslide,-0.0010400332900815101,0.0,0.0068877701209004005
first_100,first_contact,0.01140125389865716,0.07929086286359001,0.0
first_100,contact,0.001989475058348944,0.01383595132818315,0.0
first_100,alignment,-0.025449981620158723,0.0,0.16854616544731504
first_100,success,0.0,0.0,0.0
first_100,failure,-0.11315713337389753,0.0,0.7493993987042369
iterations_900_999,action_rate,-0.016765199543442577,0.0,0.14722127290363884
iterations_900_999,approach,0.2017948841676116,0.8965476355276123,0.0
iterations_900_999,progress,0.0013611792270239675,0.006047536946001087,0.0
iterations_900_999,backslide,-0.0043666557714459485,0.0,0.03834518159706242
iterations_900_999,first_contact,0.018970118870493023,0.08428169668013817,0.0
iterations_900_999,contact,0.002953753447218332,0.013123130846248514,0.0
iterations_900_999,alignment,-0.04905402520671487,0.0,0.43076111401277245
iterations_900_999,success,0.0,0.0,0.0
iterations_900_999,failure,-0.04369168087141589,0.0,0.38367243148652636
checkpoint_1950_last_100,action_rate,-0.011254393553826958,0.0,0.12763198647660143
checkpoint_1950_last_100,approach,0.2037354713305831,0.9046277853725904,0.0
checkpoint_1950_last_100,progress,0.0017736399568093475,0.007875329591347038,0.0
checkpoint_1950_last_100,backslide,-0.0005832977523823501,0.0,0.0066149677890534496
checkpoint_1950_last_100,first_contact,0.018066610721871258,0.08021950198351017,0.0
checkpoint_1950_last_100,contact,0.0016389736090786757,0.0072773830525524165,0.0
checkpoint_1950_last_100,alignment,-0.04315447139088064,0.0,0.48939917398684274
checkpoint_1950_last_100,success,0.0,0.0,0.0
checkpoint_1950_last_100,failure,-0.033186309365555645,0.0,0.37635387174750246
last_100,action_rate,-0.011268600646872073,0.0,0.12614498139272523
last_100,approach,0.20375238191336395,0.9044375679888057,0.0
last_100,progress,0.0018172777090512682,0.00806672401127299,0.0
last_100,backslide,-0.0005857162781467196,0.0,0.0065567297416599096
last_100,first_contact,0.01808045993093401,0.08025745296566003,0.0
last_100,contact,0.001630639588984195,0.007238255034261268,0.0
last_100,alignment,-0.04294843387324363,0.0,0.4807810269938757
last_100,success,0.0,0.0,0.0
last_100,failure,-0.03452779983053915,0.0,0.3865172618717391
