step,env_id,episode_id,episode_step,side_left,command_angle_rad,command_length_m,done,time_out,success,failure,table_failure,footprint_failure,fall_failure,invalid_state,eef_c_world_z_m,eef_c_local_z_m,tabletop_world_z_m,eef_c_above_table_m,desired_c_world_z_m,desired_c_above_table_m,controller_error_norm_m,eef_c_actual_dz_m,desired_c_actual_dz_m,commanded_world_dz_m,raw_mean_translation_world_up,normalized_translation_world_up,raw_mean_clip_fraction,executed_input_clip_fraction,palm_world_z_m,palm_above_table_m,palm_height_error_m,approach_gap_m,raw_palm_contact,valid_push_contact,grounded,contact_seen,push_seen,palm_normal_cos,palm_force_cos,finger_outward_cos,wrist_2_raw_rad,wrist_2_wrapped_rad,goal_error_m,cube_forward_m,raw_mean_00,raw_mean_01,raw_mean_02,raw_mean_03,raw_mean_04,raw_mean_05,raw_mean_06,raw_mean_07,policy_action_00,policy_action_01,policy_action_02,policy_action_03,policy_action_04,policy_action_05,policy_action_06,policy_action_07,normalized_action_00,normalized_action_01,normalized_action_02,normalized_action_03,normalized_action_04,normalized_action_05,normalized_action_06,normalized_action_07,obs_00,obs_01,obs_02,obs_03,obs_04,obs_05,obs_06,obs_07,obs_08,obs_09,obs_10,obs_11,obs_12,obs_13,obs_14,obs_15,obs_16,obs_17,obs_18,obs_19,obs_20,obs_21,obs_22,obs_23,obs_24,obs_25,obs_26,obs_27,obs_28,obs_29,obs_30,obs_31,obs_32,obs_33,obs_34,obs_35,obs_36,obs_37,obs_38,obs_39,obs_40,obs_41,obs_42,obs_43,obs_44,obs_45,obs_46,obs_47,obs_48,obs_49,obs_50,obs_51,obs_52,obs_53,obs_54,obs_55,obs_56,obs_57,obs_58,obs_59,obs_60,obs_61,obs_62,obs_63,eef_c_pos_w_00,eef_c_pos_w_01,eef_c_pos_w_02,desired_c_pos_w_00,desired_c_pos_w_01,desired_c_pos_w_02,palm_pos_w_00,palm_pos_w_01,palm_pos_w_02,cube_pos_w_00,cube_pos_w_01,cube_pos_w_02
180.0,30.0,0.0,181.0,1.0,2.98481,0.25814107,1.0,0.0,0.0,1.0,1.0,0.0,0.0,0.0,1.286194,1.286194,1.05,0.23619401,1.3219798,0.2719798,0.092707574,-0.014418721,-0.029981732,-0.0091144275,0.22728539,-0.8822855,0.75,0.75,1.2779546,0.22795463,0.17295465,0.7446572,0.0,0.0,1.0,0.0,0.0,0.5210914,-1.0,-0.73928976,-3.4743798,2.8088057,0.2581636,-2.199017e-05,7.890328,-1.2251309,3.9726982,0.37551543,-4.2570643,1.2928836,1.0461786,0.9207056,7.890328,-1.2251309,3.9726982,0.37551543,-4.2570643,1.2928836,1.0461786,0.9207056,1.0,-1.0,1.0,0.37551543,-1.0,1.0,1.0,0.9207056,-0.74358743,-0.83690554,-0.0017922883,1.2877444,-1.1216773,0.5673042,0.87047786,-1.0,0.64356494,1.0,-0.09517193,1.0,0.12231165,0.7530515,0.0663127,-0.073041186,-0.19770753,-0.33363196,0.88673896,0.99029815,0.0,0.0,0.0,0.0,0.0,0.0,0.0,0.0,0.0,0.0,0.0,0.0,0.0,0.0,0.0,0.0,0.0,0.0,0.75242144,0.2303658,-0.10775967,0.12532848,-0.09293318,0.3887362,0.42128134,0.0037431717,0.28495002,1.0,-1.0,1.0,0.38841584,-1.0,1.0,1.0,0.9245694,0.15614103,-0.9877348,0.25814107,0.42181015,0.0036373138,0.2849499,0.07349305,-0.0076227263,-0.0878192,-7.98297,-5.681852,1.286194,-7.9961095,-5.597345,1.3219798,-7.967515,-5.6922336,1.2779546,-7.92181,-5.0036373,1.0799999
187.0,1.0,0.0,188.0,1.0,2.970571,0.22127877,1.0,0.0,0.0,1.0,1.0,0.0,0.0,0.0,1.3364668,1.3364668,1.05,0.28646684,1.3853474,0.3353474,0.05680032,0.0026483536,-0.0005583763,0.011219631,8.038303,0.9485143,0.75,0.75,1.3377901,0.28779018,0.2327902,0.5712943,0.0,0.0,1.0,0.0,0.0,0.9960107,-1.0,-0.9978661,-3.8120193,2.4711661,0.22077306,0.00050587294,8.021124,-1.2539178,4.041689,0.38177153,-4.325519,1.3050244,1.0621893,0.92257935,8.021124,-1.2539178,4.041689,0.38177153,-4.325519,1.3050244,1.0621893,0.92257935,1.0,-1.0,1.0,0.38177153,-1.0,1.0,1.0,0.92257935,-0.7467585,-0.83751154,0.062383864,0.7545748,-1.2168527,0.45612824,-0.024060123,-0.53473496,0.9999999,-0.98078007,0.16423556,-0.09760247,0.15168637,0.55170083,0.20585525,0.03409958,0.014467735,-0.027165785,0.92572117,0.970474,0.0,0.0,0.0,0.0,0.0,0.0,0.0,0.0,0.0,0.0,0.0,0.0,0.0,0.0,0.0,0.0,0.0,0.0,0.34305462,-0.061032053,-0.09320267,0.016703997,-0.04135558,0.16124128,0.42269278,-0.029803514,0.28495002,1.0,-1.0,1.0,0.32696602,-1.0,1.0,0.9219295,0.9061647,0.17018914,-0.9854114,0.22127877,0.42296362,-0.02933693,0.2849499,0.054652907,-0.016856927,-0.02058744,7.1594687,-2.9491847,1.3364668,7.1502476,-2.9217632,1.3853474,7.1797857,-2.949147,1.3377901,7.0770364,-2.470663,1.0799999
201.0,10.0,0.0,202.0,1.0,3.0513873,0.2553128,1.0,0.0,0.0,1.0,1.0,0.0,0.0,0.0,1.3393384,1.3393384,1.05,0.28933847,1.3884497,0.33844972,0.05599887,0.0031315088,0.0012131929,0.012540227,8.713167,1.0801855,0.75,0.75,1.3420004,0.2920004,0.23700044,0.5691804,0.0,0.0,1.0,0.0,0.0,0.9941556,-1.0,-0.99380064,2.4460068,2.4460068,0.25566548,-0.00035228688,8.342913,-1.3247396,4.211421,0.39716294,-4.4939327,1.3348935,1.1015793,0.9271892,8.342913,-1.3247396,4.211421,0.39716294,-4.4939327,1.3348935,1.1015793,0.9271892,1.0,-1.0,1.0,0.39716294,-1.0,1.0,1.0,0.9271892,-0.71179545,-0.8429817,0.06410764,0.7268348,0.7755216,0.45396972,-0.074556574,-0.4972836,1.0,-1.0,0.16451447,-0.14615272,0.15951313,0.551817,0.1880132,0.031749643,0.033931196,-0.004532735,0.93864614,0.9724672,0.0,0.0,0.0,0.0,0.0,0.0,0.0,0.0,0.0,0.0,0.0,0.0,0.0,0.0,0.0,0.0,0.0,0.0,0.2834011,-0.05228842,0.008436857,-0.024580527,-0.046172112,0.13277714,0.4268787,0.013549805,0.28495002,1.0,-1.0,1.0,0.3901578,-1.0,1.0,1.0,0.9250911,0.090083055,-0.99593425,0.2553128,0.42725396,0.013162136,0.2849499,0.05278601,-0.021615254,-0.009756215,2.213865,-5.4760737,1.3393384,2.205279,-5.450574,1.3884497,2.2338767,-5.4734325,1.3420004,2.072746,-5.013162,1.0799999
205.0,17.0,0.0,206.0,1.0,3.0645263,0.26953846,1.0,0.0,0.0,1.0,1.0,0.0,0.0,0.0,1.3406987,1.3406987,1.05,0.29069877,1.3912196,0.34121966,0.054302197,0.0055838823,0.002913475,0.0149290515,8.085026,1.2866347,0.75,0.75,1.343891,0.29389107,0.2388911,0.5683584,0.0,0.0,1.0,0.0,0.0,0.96859914,-1.0,-0.9901563,2.3924732,2.3924732,0.26972175,-0.00018278157,7.578725,-1.1565508,3.8083384,0.36061123,-4.0939813,1.26396,1.0080353,0.9162417,7.578725,-1.1565508,3.8083384,0.36061123,-4.0939813,1.26396,1.0080353,0.9162417,1.0,-1.0,1.0,0.36061123,-1.0,1.0,1.0,0.9162417,-0.70737475,-0.8502926,0.08471037,0.70591044,0.7598478,0.5158342,-0.121265545,-0.374471,0.9999527,-0.67054,0.36034498,-0.28500733,0.15313235,0.54916763,0.19873118,0.051441915,0.036085144,0.062435623,0.9511452,0.9710339,0.0,0.0,0.0,0.0,0.0,0.0,0.0,0.0,0.0,0.0,0.0,0.0,0.0,0.0,0.0,0.0,0.0,0.0,0.18721923,-0.08615779,0.09080135,-0.06211178,-0.04835345,0.082153715,0.42784953,0.0054623876,0.28495002,1.0,-1.0,1.0,0.37132934,-1.0,1.0,1.0,0.9194518,0.07699007,-0.99703187,0.26953846,0.42834163,0.005241102,0.2849499,0.05039677,-0.025467549,-0.0048513897,-0.27017254,-0.4620269,1.3406987,-0.2792125,-0.4442886,1.3912196,-0.2504545,-0.45808503,1.343891,-0.42834154,-0.0052410695,1.0799999
296.0,25.0,0.0,297.0,1.0,3.1242292,0.24189591,1.0,0.0,0.0,1.0,1.0,0.0,0.0,0.0,1.2352806,1.2352806,1.05,0.18528068,1.2823181,0.23231816,0.060342252,-0.0013735294,-0.0058174133,0.008641991,7.516628,0.685856,0.75,0.75,1.2334285,0.18342853,0.12842855,0.7492617,0.0,0.0,1.0,0.0,0.0,0.9845001,-1.0,-0.9951613,2.6852968,2.6852968,0.24136563,0.00053027406,8.399739,-1.3372463,4.241395,0.39988098,-4.523674,1.3401682,1.1085354,0.92800313,8.399739,-1.3372463,4.241395,0.39988098,-4.523674,1.3401682,1.1085354,0.92800313,1.0,-1.0,1.0,0.39988098,-1.0,1.0,1.0,0.92800313,-0.65312415,-0.86725175,0.05454428,0.88741314,0.85404885,0.5067103,0.021706045,-0.6064221,0.9999955,-0.81795204,0.12467234,-0.26833302,0.058644623,0.7760152,0.20974427,-0.010680372,-0.036447633,-0.060816947,0.95111287,0.97674453,0.0,0.0,0.0,0.0,0.0,0.0,0.0,0.0,0.0,0.0,0.0,0.0,0.0,0.0,0.0,0.0,0.0,0.0,0.42530027,-0.049963575,-0.23715405,0.093547285,-0.032779276,0.20503852,0.43816948,-0.027666569,0.28495002,1.0,-1.0,1.0,0.39988098,-1.0,1.0,1.0,0.92800313,0.017362589,-0.99984926,0.24189591,0.43820333,-0.027136803,0.2849499,0.055468034,-0.026541723,-0.022262104,-5.235476,-5.6478577,1.2352806,-5.2415214,-5.6105466,1.2823181,-5.215266,-5.646222,1.2334285,-5.4382033,-4.972863,1.0799999
325.0,18.0,0.0,326.0,1.0,3.1464221,0.25917572,1.0,0.0,0.0,1.0,1.0,0.0,0.0,0.0,1.3834914,1.3834914,1.05,0.33349144,1.3847513,0.33475137,0.058880046,0.008076668,-0.00045371056,0.0025328286,6.078288,0.31276613,0.75,0.75,1.3890944,0.3390944,0.28409442,0.9407369,0.0,0.0,1.0,0.0,0.0,0.5513034,-1.0,-0.8767592,3.4875295,-2.795656,0.2586906,0.00048525396,8.386923,-1.3344258,4.2346354,0.399268,-4.516967,1.3389785,1.1069667,0.92781955,8.386923,-1.3344258,4.2346354,0.399268,-4.516967,1.3389785,1.1069667,0.92781955,1.0,-1.0,1.0,0.399268,-1.0,1.0,1.0,0.92781955,-0.6320519,-0.87671995,0.011886044,1.3445232,1.0988953,0.7304849,0.3160452,-0.83368534,0.9999999,1.0,0.69498,1.0,0.19879669,0.94978136,0.14500275,-0.17598887,0.0338053,-0.2657932,0.9327588,0.96965283,0.0,0.0,0.0,0.0,0.0,0.0,0.0,0.0,0.0,0.0,0.0,0.0,0.0,0.0,0.0,0.0,0.0,0.0,0.8130981,-0.04561314,-0.35637927,0.19868994,-0.073094785,0.38236973,0.4420683,-0.0037469864,0.28495002,1.0,-1.0,1.0,0.39957753,-1.0,1.0,1.0,0.9279123,-0.0048294757,-0.9999883,0.25917572,0.44180536,-0.0032629967,0.2849499,0.05262476,-0.020084359,-0.040646326,-0.28555775,1.6593385,1.3834914,-0.29963207,1.7164978,1.3847513,-0.26676315,1.6538701,1.3890944,-0.44180536,2.503263,1.0799999
329.0,28.0,0.0,330.0,1.0,3.2927737,0.26333186,1.0,0.0,0.0,1.0,1.0,0.0,0.0,0.0,1.4338648,1.4338648,1.05,0.38386488,1.5056353,0.4556353,0.11519818,-0.036948204,-0.047228813,-0.017394802,-6.0972505,-1.4981389,0.5,0.5,1.4382023,0.3882023,0.33320233,0.4549437,0.0,0.0,1.0,0.0,0.0,-0.03901641,-1.0,0.16643548,-0.7531954,-0.7531954,0.26288527,0.00044676947,-5.5828295,1.7401527,-3.1339223,-0.26891568,2.7943566,0.042279005,-0.6030668,0.7276946,-5.5828295,1.7401527,-3.1339223,-0.26891568,2.7943566,0.042279005,-0.6030668,0.7276946,-1.0,1.0,-1.0,-0.26891568,1.0,0.042279005,-0.6030668,0.7276946,-0.740193,-0.8302232,-0.0069800788,1.5,-0.2319665,-0.27970755,0.94499284,-1.0,-0.06166157,1.0,-0.66040415,-1.0,0.29221833,0.31113458,-0.13421011,0.47472516,-0.090610966,0.17036034,0.91739094,0.9893694,0.0,0.0,0.0,0.0,0.0,0.0,0.0,0.0,0.0,0.0,0.0,0.0,0.0,0.0,0.0,0.0,0.0,0.0,-0.20086527,0.06460685,-0.7294368,0.37309554,0.06514168,-0.102578126,0.45948267,-0.022819996,0.28495002,1.0,-0.9133085,1.0,0.30774853,-1.0,1.0,0.87274766,0.90040904,-0.15060584,-0.9885939,0.26333186,0.459136,-0.022420883,0.2849499,0.054068297,-0.04062935,0.10710434,-5.5722876,2.248002,1.4338648,-5.5833025,2.3374352,1.5056353,-5.576422,2.2674603,1.4382023,-5.459136,2.522421,1.0799999
374.0,14.0,0.0,375.0,1.0,3.1024604,0.28427425,1.0,0.0,0.0,1.0,1.0,0.0,0.0,0.0,1.3655643,1.3655643,1.05,0.3155644,1.3745756,0.32457566,0.08691484,0.00031077862,-0.005153179,0.00078746956,5.4072633,0.12350795,0.75,0.75,1.3701191,0.32011914,0.26511917,0.8968092,0.0,0.0,1.0,0.0,0.0,0.53051054,-1.0,-0.8327261,3.4318037,-2.8513818,0.28396484,0.00030980894,8.399731,-1.3372446,4.241391,0.39988056,-4.5236697,1.3401675,1.1085345,0.92800313,8.399731,-1.3372446,4.241391,0.39988056,-4.5236697,1.3401675,1.1085345,0.92800313,1.0,-1.0,1.0,0.39988056,-1.0,1.0,1.0,0.92800313,-0.67829466,-0.8631222,0.0011954848,1.331763,1.0558118,0.70790523,0.63564956,-0.94343525,0.7716047,1.0,1.0,1.0,0.18753627,0.88660127,0.044076383,-0.19765855,-0.025351236,-0.26936382,0.8883036,0.97895086,0.0,0.0,0.0,0.0,0.0,0.0,0.0,0.0,0.0,0.0,0.0,0.0,0.0,0.0,0.0,0.0,0.0,0.0,1.0,-0.058377948,-0.52711236,0.29332888,-0.11351073,0.58322245,0.43478727,-0.0033640862,0.28495002,1.0,-1.0,1.0,0.35554424,-1.0,1.0,0.9950676,0.9147242,0.039122283,-0.99923444,0.28427425,0.4352405,-0.003071785,0.2849499,0.060217664,-0.01995182,-0.066429466,2.122523,4.1889706,1.3655643,2.094947,4.2709007,1.3745756,2.140574,4.180727,1.3701191,2.0647595,5.003072,1.0799999
399.0,19.0,0.0,400.0,1.0,3.0392537,0.2870482,1.0,0.0,0.0,1.0,1.0,0.0,0.0,0.0,1.1981875,1.1981875,1.05,0.14818752,1.2485176,0.19851768,0.10705441,-0.029170752,-0.030887842,-0.012365544,-2.0946898,-1.2504454,0.375,0.375,1.1874877,0.13748777,0.0824878,0.8017561,0.0,0.0,1.0,0.0,0.0,0.5054074,-1.0,0.78089815,0.9749499,0.97495,0.28659332,0.00045498752,2.3595033,-0.007861532,1.0553815,0.11097202,-1.3624073,0.7795019,0.36915195,0.84147316,2.3595033,-0.007861532,1.0553815,0.11097202,-1.3624073,0.7795019,0.36915195,0.84147316,1.0,-0.007861532,1.0,0.11097202,-1.0,0.7795019,0.36915195,0.84147316,-0.7015757,-0.8456916,-0.005949782,1.5,0.35002118,0.43800172,0.94599557,-1.0,0.019669974,1.0,-1.0,-1.0,0.046878934,0.78752434,-0.21697551,0.30708644,-0.7278849,-0.23447675,0.91160506,0.99584323,0.0,0.0,0.0,0.0,0.0,0.0,0.0,0.0,0.0,0.0,0.0,0.0,0.0,0.0,0.0,0.0,0.0,0.0,0.013624281,0.02877202,-0.6425297,0.29735923,0.024134453,0.012862052,0.42476866,-0.019207,0.28495002,1.0,0.13537249,0.71210605,0.07984367,-1.0,0.7190931,0.28948748,0.83215004,0.102160394,-0.99476796,0.2870482,0.42510387,-0.018784046,0.2849499,0.045160912,-0.07835218,-0.06492078,-0.70475,4.3148518,1.1981875,-0.70626837,4.409325,1.2485176,-0.7219344,4.312674,1.1874877,-0.42510387,5.018784,1.0799999
431.0,10.0,1.0,230.0,1.0,3.0444527,0.21350394,1.0,0.0,0.0,1.0,1.0,0.0,0.0,0.0,1.2722216,1.2722216,1.05,0.22222161,1.3314662,0.28146625,0.12118332,-0.032083273,-0.03052175,-0.004327153,0.095113516,-0.47998586,0.375,0.375,1.2634935,0.21349359,0.15849361,0.9552125,0.0,0.0,1.0,0.0,0.0,0.484857,-1.0,-0.5852341,2.5656905,2.5656905,0.21297175,0.00053207076,4.419229,-0.46118286,2.1418147,0.20949021,-2.440402,0.97068954,0.62128234,0.8709801,4.419229,-0.46118286,2.1418147,0.20949021,-2.440402,0.97068954,0.62128234,0.8709801,1.0,-0.46118286,1.0,0.20949021,-1.0,0.97068954,0.62128234,0.8709801,-0.653398,-0.8758568,-0.0016590364,1.5,0.82007825,0.8929914,0.9388579,-0.9601094,0.063367836,1.0,0.18583821,1.0,0.12751564,0.9468784,0.13779707,-0.15877523,-0.25720364,-0.3220707,0.9004974,0.98127127,0.0,0.0,0.0,0.0,0.0,0.0,0.0,0.0,0.0,0.0,0.0,0.0,0.0,0.0,0.0,0.0,0.0,0.0,0.2510251,0.25170594,-0.66848797,0.35601783,-0.04664412,0.12946206,0.42885947,0.0034708977,0.28495002,1.0,-1.0,1.0,0.37446585,-1.0,1.0,1.0,0.9203914,0.096987285,-0.99528563,0.21350394,0.42877197,0.004014015,0.2849499,0.010229349,0.011795215,-0.12358016,2.1654537,-5.894182,1.2722216,2.1011884,-5.810245,1.3314662,2.1779706,-5.9076614,1.2634935,2.071228,-5.004014,1.0799999
440.0,6.0,0.0,441.0,0.0,0.082465865,0.29277888,1.0,0.0,0.0,1.0,1.0,0.0,0.0,0.0,1.1328499,1.1328499,1.05,0.08284998,1.0854743,0.0354743,0.056074623,0.005593896,0.006102085,0.006102169,0.5141602,0.5141602,0.0,0.0,1.1372386,0.08723867,0.0322387,0.26556212,0.0,0.0,1.0,0.0,0.0,0.98195314,-1.0,0.98209864,-2.3077152,-2.3077152,0.2929121,-0.00013285203,0.5523764,0.38986596,0.10218507,0.024535805,-0.4166149,0.61176085,0.1479422,0.81558496,0.5523764,0.38986596,0.10218507,0.024535805,-0.4166149,0.61176085,0.1479422,0.81558496,0.5523764,0.38986596,0.10218507,0.024535805,-0.4166149,0.61176085,0.1479422,0.81558496,-1.5,-0.0014055832,-0.96688735,1.5,-0.73485655,1.4876288,-0.99552333,-1.0,-0.17810997,0.5461198,0.503088,0.0935747,-0.05229275,0.020092327,-0.26036894,-0.031326674,0.054816827,0.03347446,0.89456123,0.9665165,0.0,0.0,0.0,0.0,0.0,0.0,0.0,0.0,0.0,0.0,0.0,0.0,0.0,0.0,0.0,0.0,0.0,0.0,0.2934099,-0.032400988,0.08415895,-0.0507594,-0.033777595,0.13969386,0.4268217,-0.004535198,0.28495002,-1.0,0.89895755,-1.0,-0.086102694,0.79400146,0.39705205,-0.13520704,0.7824481,0.08237243,0.99660164,0.29277888,0.42733192,-0.004359722,0.2849499,-0.04125255,0.03410526,-0.021865742,4.8582234,-2.5444858,1.1328499,4.872802,-2.5182679,1.0854743,4.8383584,-2.545288,1.1372386,4.572668,-2.4956403,1.0799999
470.0,27.0,0.0,471.0,1.0,3.1378262,0.29890093,1.0,0.0,0.0,1.0,1.0,0.0,0.0,0.0,1.3438442,1.3438442,1.05,0.29384422,1.3702941,0.32029414,0.046989147,0.005810857,0.012586355,0.012828116,2.568658,1.1678162,0.375,0.375,1.3491464,0.2991464,0.24414644,0.9426269,0.0,0.0,1.0,0.0,0.0,0.86054045,-1.0,-0.9197795,3.4433606,-2.839825,0.29943442,-0.00053348904,2.5300155,-0.045389213,1.1453207,0.11912772,-1.4516479,0.7953291,0.3900243,0.843916,2.5300155,-0.045389213,1.1453207,0.11912772,-1.4516479,0.7953291,0.3900243,0.843916,1.0,-0.045389213,1.0,0.11912772,-1.0,0.7953291,0.3900243,0.843916,-0.6117018,-0.9196163,0.06632734,1.4030206,1.0970117,0.93157697,-0.09213484,-0.6603271,1.0,1.0,0.04557081,1.0,0.16183278,0.96358526,0.20799786,-0.11717862,0.0732405,-0.13497193,0.9228968,0.97027653,0.0,0.0,0.0,0.0,0.0,0.0,0.0,0.0,0.0,0.0,0.0,0.0,0.0,0.0,0.0,0.0,0.0,0.0,0.30230805,-0.18008283,0.05357481,-0.031949505,-0.054540128,0.13482223,0.44135714,0.008721484,0.28495002,1.0,-0.51176244,1.0,0.22048244,-1.0,0.9920213,0.6494138,0.8742724,0.0037664406,-0.9999929,0.29890093,0.44127417,0.008188339,0.2849499,0.032704428,-0.035544723,0.01079501,-5.2335515,-0.8568173,1.3438442,-5.2112713,-0.82500577,1.3702941,-5.214117,-0.85977244,1.3491464,-5.441274,-0.008188304,1.0799999
499.0,0.0,0.0,500.0,1.0,3.1810231,0.2825867,1.0,1.0,0.0,0.0,0.0,0.0,0.0,0.0,0.8988381,0.8988381,1.05,-0.15116185,0.91199714,-0.13800281,0.014749717,-5.9902668e-05,0.0124133825,0.0124133825,8.43945,1.0342587,0.75,0.75,0.8993437,-0.15065622,-0.2056562,0.98462725,0.0,0.0,1.0,0.0,0.0,0.995815,-1.0,-0.99487185,3.128574,3.128574,0.2830705,-0.00048352446,8.3997345,-1.3372456,4.241393,0.3998808,-4.5236716,1.3401678,1.1085349,0.92800313,8.3997345,-1.3372456,4.241393,0.3998808,-4.5236716,1.3401678,1.1085349,0.92800313,1.0,-1.0,1.0,0.3998808,-1.0,1.0,1.0,0.92800313,-0.46440685,-0.79561037,-0.3858102,1.1914669,0.9942596,0.5213337,0.0070727444,-0.28903678,0.63275355,-1.0,0.10712624,-1.0,-0.28307784,0.8385567,0.5741735,0.016160108,-0.0040257117,0.009998319,0.9126188,0.9738449,0.0,0.0,0.0,0.0,0.0,0.0,0.0,0.0,0.0,0.0,0.0,0.0,0.0,0.0,0.0,0.0,0.0,0.0,0.18181492,0.014251642,-0.014593891,0.0064975712,-0.011414349,0.08702678,0.4446516,0.010415077,0.28495002,-1.0,0.81615335,-0.9194581,-0.06810716,0.5970925,0.43197465,-0.0891522,0.78783804,-0.039420247,-0.9992227,0.2825867,0.44443178,0.009922504,0.2849499,0.0009744095,0.00816874,-0.002790324,7.672042,-5.7051992,0.8988381,7.677021,-5.700772,0.91199714,7.6918335,-5.700451,0.8993437,7.055568,-5.0099225,1.0799999
499.0,2.0,0.0,500.0,0.0,-0.035460312,0.27291998,1.0,1.0,0.0,0.0,0.0,0.0,0.0,0.0,1.486494,1.486494,1.05,0.436494,1.5250368,0.47503686,0.062827006,-0.0032650232,0.009137869,0.012915991,4.4693346,1.0920224,0.375,0.375,1.4884481,0.4384482,0.3834482,1.0198971,0.0,0.0,1.0,0.0,0.0,0.9857388,-1.0,0.99238783,-3.066985,-3.066985,0.27239302,0.0005269908,4.3528247,-0.44656804,2.1067889,0.20631406,-2.4056482,0.9645257,0.6131538,0.8700288,4.3528247,-0.44656804,2.1067889,0.20631406,-2.4056482,0.9645257,0.6131538,0.8700288,1.0,-0.44656804,1.0,0.20631406,-1.0,0.9645257,0.6131538,0.8700288,-1.5,-0.806353,0.00017550922,1.5,-0.9811664,1.2452565,-0.12697451,0.49019426,-0.7722765,-0.96360284,-0.014487674,-1.0,0.3100242,0.93531704,-0.3809974,-0.009493336,0.015590527,0.037789013,0.9153485,0.96564317,0.0,0.0,0.0,0.0,0.0,0.0,0.0,0.0,0.0,0.0,0.0,0.0,0.0,0.0,0.0,0.0,0.0,0.0,0.26478422,0.06239999,-0.15592696,0.07302445,-0.005509466,0.12668341,0.44663382,0.025761357,0.28495002,-1.0,1.0,-1.0,-0.2930924,1.0,-0.0046391487,-0.6649405,0.72045356,-0.03545288,0.99937135,0.27291998,0.44649935,0.025238803,0.2849499,0.030790502,0.045872945,0.022658208,7.4867783,0.79432905,1.486494,7.4660506,0.83940727,1.5250368,7.4665422,0.7932321,1.4884481,7.0535007,-0.025238805,1.0799999
499.0,3.0,0.0,500.0,0.0,-0.16046263,0.23209497,1.0,1.0,0.0,0.0,0.0,0.0,0.0,0.0,1.4185795,1.4185795,1.05,0.3685795,1.4657323,0.41573238,0.059139915,0.0006825924,0.00065398216,0.011278937,1.2503977,0.91413873,0.125,0.125,1.4160165,0.3660165,0.31101653,1.0054181,0.0,0.0,1.0,0.0,0.0,0.9964297,-1.0,0.9523265,-3.5244539,2.7587316,0.2317341,0.00036123494,1.3401014,0.2164968,0.5176824,0.06221327,-0.82888496,0.68487895,0.24436726,0.8268698,1.3401014,0.2164968,0.5176824,0.06221327,-0.82888496,0.68487895,0.24436726,0.8268698,1.0,0.2164968,0.5176824,0.06221327,-0.82888496,0.68487895,0.24436726,0.8268698,-1.4657246,-0.8586961,0.04757513,1.5,-1.1225739,1.3743453,0.0077354824,-0.23329943,0.45244288,-0.09954813,0.005049307,0.14689772,0.23851486,1.0132706,-0.1407198,-0.02758987,-0.047782924,-0.0026610997,0.9345892,0.9737533,0.0,0.0,0.0,0.0,0.0,0.0,0.0,0.0,0.0,0.0,0.0,0.0,0.0,0.0,0.0,0.0,0.0,0.0,0.23703802,0.0063698217,-0.010535648,0.010259047,-0.030905947,0.114784434,0.45958757,0.012641668,0.28495002,1.0,-0.113500275,1.0,0.13393,-1.0,0.82405484,0.42790663,0.8483494,-0.15977491,0.9871535,0.23209497,0.4591341,0.012349129,0.2849499,0.05191455,0.011840317,0.02877181,7.347709,3.3613212,1.4185795,7.3179545,3.3810391,1.4657323,7.32769,3.3640049,1.4160165,7.040866,2.4876509,1.0799999
499.0,4.0,0.0,500.0,0.0,-0.119985536,0.2754979,1.0,1.0,0.0,0.0,0.0,0.0,0.0,0.0,1.4307561,1.4307561,1.05,0.38075614,1.4514647,0.4014647,0.05912783,-0.0033860207,-0.0138168335,-0.013816826,-7.212781,-1.1516294,0.5,0.5,1.4315609,0.38156092,0.32656094,1.0474923,0.0,0.0,1.0,0.0,0.0,0.9765228,-1.0,0.9844867,-3.1482322,3.1349533,0.27544045,5.7925663e-05,-6.9685774,2.0451396,-3.864856,-0.335197,3.5196126,-0.08634877,-0.77269566,0.7078429,-6.9685774,2.0451396,-3.864856,-0.335197,3.5196126,-0.08634877,-0.77269566,0.7078429,-1.0,1.0,-1.0,-0.335197,1.0,-0.08634877,-0.77269566,0.7078429,-1.5,-0.8227307,-0.0021262213,1.5,-0.99973947,1.2384548,-0.20379749,0.6056626,-0.9999629,0.35130143,-0.4900453,0.5002933,0.2538243,0.98578745,-0.38204724,-0.015587395,0.001504312,0.05261302,0.89158267,0.97172254,0.0,0.0,0.0,0.0,0.0,0.0,0.0,0.0,0.0,0.0,0.0,0.0,0.0,0.0,0.0,0.0,0.0,0.0,0.12851779,-0.18130456,-0.19480653,0.096770294,0.017025232,0.041250512,0.45768213,-0.00022315979,0.28495002,1.0,-0.8831697,1.0,0.30119863,-1.0,1.0,0.8559849,0.89844733,-0.11969785,0.99281037,0.2754979,0.45714283,-0.00021648407,0.2849499,0.037271343,0.03428686,0.028511558,7.552022,5.830297,1.4307561,7.5372405,5.883671,1.4514647,7.5317307,5.831765,1.4315609,7.042857,5.0002165,1.0799999
499.0,5.0,0.0,500.0,1.0,3.1354747,0.22132261,1.0,1.0,0.0,0.0,0.0,0.0,0.0,0.0,1.3106788,1.3106788,1.05,0.2606789,1.3168664,0.26686645,0.039184853,-0.011718631,0.0135324,0.0135323685,5.3927255,1.1759928,0.5,0.5,1.3145056,0.26450562,0.20950565,0.9256344,0.0,0.0,1.0,0.0,0.0,0.99472904,-1.0,-0.987412,3.4550874,-2.828098,0.22186102,-0.0005386292,5.0565896,-0.6014585,2.4780002,0.23997566,-2.773976,1.0298505,0.69930136,0.88011056,5.0565896,-0.6014585,2.4780002,0.23997566,-2.773976,1.0298505,0.69930136,0.88011056,1.0,-0.6014585,1.0,0.23997566,-1.0,1.0,0.69930136,0.88011056,-0.57572484,-0.9015126,0.0013100991,1.5,1.0911093,1.3580152,0.18601635,-0.999955,0.97907484,0.6915954,0.9626927,0.82713324,0.14402656,0.90664417,0.34831476,0.00064497866,0.04456462,0.022927249,0.8946333,0.96829337,0.0,0.0,0.0,0.0,0.0,0.0,0.0,0.0,0.0,0.0,0.0,0.0,0.0,0.0,0.0,0.0,0.0,0.0,0.4596961,0.16584556,-0.11920243,0.04653725,-0.044691056,0.21908051,0.43877745,0.021516323,0.28495002,-1.0,1.0,-1.0,-0.156818,1.0,0.2598195,-0.31618345,0.76126844,0.0061179334,-0.9999813,0.22132261,0.43880796,0.020977497,0.2849499,-0.012439387,0.038115088,-0.027433548,4.9012346,-5.820529,1.3106788,4.8801737,-5.8529882,1.3168664,4.921013,-5.817577,1.3145056,4.561192,-5.0209775,1.0799999
499.0,7.0,0.0,500.0,0.0,-0.032818485,0.21442412,1.0,1.0,0.0,0.0,0.0,0.0,0.0,0.0,1.4618244,1.4618244,1.05,0.41182446,1.5067201,0.4567201,0.059515093,0.0002156496,0.007642746,0.012090787,1.4277945,1.041068,0.125,0.125,1.4663552,0.41635525,0.36135527,1.031136,0.0,0.0,1.0,0.0,0.0,0.98911226,-1.0,0.98166275,-2.8688967,-2.8688967,0.21496424,-0.00054011075,1.3981286,0.20372567,0.5482896,0.06498876,-0.8592545,0.6902652,0.25147045,0.8277009,1.3981286,0.20372567,0.5482896,0.06498876,-0.8592545,0.6902652,0.25147045,0.8277009,1.0,0.20372567,0.5482896,0.06498876,-0.8592545,0.6902652,0.25147045,0.8277009,-1.5,-0.8550965,0.034971733,-0.41605,-0.91255444,1.3190212,-0.011744748,-0.5195811,0.99827,-0.48661307,0.09157791,-0.11503294,0.28331095,0.8758523,-0.5269424,-0.010097905,0.059696827,0.04823921,0.9210951,0.9711953,0.0,0.0,0.0,0.0,0.0,0.0,0.0,0.0,0.0,0.0,0.0,0.0,0.0,0.0,0.0,0.0,0.0,0.0,0.40501794,0.16167097,-0.16924088,0.0617581,-0.019307941,0.19911866,0.44319963,-0.019891849,0.28495002,0.32155716,0.44066653,-0.019563854,0.013495535,-0.2958113,0.5903357,0.11968769,0.81227857,-0.032812595,0.99946153,0.21442412,0.44311476,-0.019348623,0.2849499,0.041798346,0.032827877,0.009984329,5.1306806,0.7792202,1.4618244,5.12676,0.8180925,1.5067201,5.110836,0.7787614,1.4663552,4.5568852,0.01934866,1.0799999
499.0,8.0,0.0,500.0,1.0,3.14819,0.2347185,1.0,1.0,0.0,0.0,0.0,0.0,0.0,0.0,1.4483199,1.4483199,1.05,0.39831996,1.4393028,0.38930285,0.045610357,-0.0019327402,-0.012686133,-0.012686193,-2.5352516,-1.0397142,0.5,0.5,1.4482236,0.39822364,0.34322366,0.99700814,0.0,0.0,1.0,0.0,0.0,0.9942238,-1.0,-0.99769795,3.0510433,3.0510433,0.23525526,-0.00053681503,-2.5257444,1.0673245,-1.5214164,-0.12269303,1.1943752,0.3260436,-0.22884975,0.7714892,-2.5257444,1.0673245,-1.5214164,-0.12269303,1.1943752,0.3260436,-0.22884975,0.7714892,-1.0,1.0,-1.0,-0.12269303,1.0,0.3260436,-0.22884975,0.7714892,-0.45142457,-0.96023154,0.35179698,1.4446391,0.9660428,1.3683804,-0.010722957,-0.20597595,-0.23558868,1.0,0.1954727,1.0,0.26868415,0.76021457,0.63147163,0.009769112,-0.018935475,0.030403338,0.941081,0.97790265,0.0,0.0,0.0,0.0,0.0,0.0,0.0,0.0,0.0,0.0,0.0,0.0,0.0,0.0,0.0,0.0,0.0,0.0,0.1224268,0.054333627,-0.060119893,0.037441026,-0.009692833,0.061242573,0.44043922,0.004732132,0.28495002,-1.0,0.8356884,-0.9662768,-0.07235274,0.6435479,0.42373562,-0.10001765,0.7865663,-0.00659732,-0.99997824,0.2347185,0.44038916,0.004194975,0.2849499,0.0044310167,0.032399368,-0.009910233,5.1864896,1.8460679,1.4483199,5.170843,1.8041849,1.4393028,5.2065325,1.8496459,1.4482236,4.559611,2.495805,1.0799999
499.0,9.0,0.0,500.0,0.0,-0.07445187,0.29974532,1.0,1.0,0.0,0.0,0.0,0.0,0.0,0.0,1.4545813,1.4545813,1.05,0.4045813,1.4897736,0.43977368,0.03822273,0.0053919554,-0.014713407,-0.014713376,-2.7908192,-1.2941592,0.5,0.5,1.4592772,0.4092772,0.35427722,1.0854245,0.0,0.0,1.0,0.0,0.0,0.99325407,-1.0,0.9655533,-2.8367913,-2.8367913,0.29925683,0.00048854406,-2.434906,1.0473317,-1.4735024,-0.11834815,1.1468335,0.33447552,-0.21773039,0.7727905,-2.434906,1.0473317,-1.4735024,-0.11834815,1.1468335,0.33447552,-0.21773039,0.7727905,-1.0,1.0,-1.0,-0.11834815,1.0,0.33447552,-0.21773039,0.7727905,-1.5,-0.8864932,0.084356904,1.5,-0.8999692,1.3168318,-0.020196382,0.25366223,-0.3081301,-0.018749109,-0.11273677,-0.060571745,0.26857698,0.9290007,-0.5569558,-0.009034121,0.06612194,0.037061796,0.9380447,0.9678836,0.0,0.0,0.0,0.0,0.0,0.0,0.0,0.0,0.0,0.0,0.0,0.0,0.0,0.0,0.0,0.0,0.0,0.0,0.25488427,-0.08471125,0.111306965,-0.056477748,-0.04381427,0.11797068,0.45284843,0.022825241,0.28495002,1.0,-0.7662191,1.0,0.27578226,-1.0,1.0,0.79093874,0.89083487,-0.07438311,0.99722975,0.29974532,0.4525838,0.02235508,0.2849499,0.052370004,-0.0014294353,0.020755026,5.1833057,5.763967,1.4545813,5.179874,5.7784824,1.4897736,5.1634955,5.7641993,1.4592772,4.547416,4.977645,1.0799999
499.0,11.0,0.0,500.0,0.0,0.14759873,0.22491418,1.0,1.0,0.0,0.0,0.0,0.0,0.0,0.0,1.3413438,1.3413438,1.05,0.2913438,1.3981878,0.3481878,0.06365134,-0.0040094852,0.0013831854,0.010756117,3.4800067,0.8516463,0.375,0.375,1.3390471,0.28904712,0.23404714,0.85951966,0.0,0.0,1.0,0.0,0.0,0.994532,-1.0,0.9899202,-3.5873249,2.6958606,0.22492999,-1.526763e-05,3.76014,-0.31612507,1.7941682,0.17796549,-2.0954556,0.90951157,0.5406034,0.86153823,3.76014,-0.31612507,1.7941682,0.17796549,-2.0954556,0.90951157,0.5406034,0.86153823,1.0,-0.31612507,1.0,0.17796549,-1.0,0.90951157,0.5406034,0.86153823,-1.349945,-0.8867956,0.03354302,1.5,-1.1412108,1.4029111,-0.022054262,-0.64904326,1.0,0.010227464,-0.0060010743,0.29523134,0.16885881,0.8860954,-0.06212829,-0.03095032,-0.04303239,-0.0029819973,0.9098776,0.97442245,0.0,0.0,0.0,0.0,0.0,0.0,0.0,0.0,0.0,0.0,0.0,0.0,0.0,0.0,0.0,0.0,0.0,0.0,0.2664974,0.017054982,-0.3308843,0.16249448,-0.019372106,0.12830736,0.42455387,-0.002748251,0.28495002,1.0,-0.98097605,1.0,0.32245442,-1.0,1.0,0.91038334,0.9048136,0.14706339,0.98912704,0.22491418,0.42508507,-0.0026538372,0.2849499,0.051632393,0.0328778,0.0017786026,2.0411353,-1.7029884,1.3413438,2.022327,-1.6813898,1.3981878,2.021148,-1.7061124,1.3390471,2.074915,-2.4973462,1.0799999
499.0,12.0,0.0,500.0,1.0,3.2567546,0.29301623,1.0,1.0,0.0,0.0,0.0,0.0,0.0,0.0,0.79151547,0.79151547,1.05,-0.25848448,0.7670128,-0.28298718,0.058286905,-0.0010703802,0.0015663505,-0.003946496,1.6231464,-0.5397162,0.75,0.75,0.7781822,-0.27181774,-0.32681772,1.1350797,0.0,0.0,1.0,0.0,0.0,0.88974434,-1.0,-0.7083463,2.419773,2.419773,0.29251212,0.0005042193,8.399739,-1.3372465,4.2413955,0.39988098,-4.523674,1.3401682,1.1085354,0.9280034,8.399739,-1.3372465,4.2413955,0.39988098,-4.523674,1.3401682,1.1085354,0.9280034,1.0,-1.0,1.0,0.39988098,-1.0,1.0,1.0,0.9280034,-0.56820077,-1.0722063,0.07599587,1.5,0.75219506,0.9664892,-0.22153394,0.79439217,-1.0,-1.0,1.0,-0.3788489,-0.3834461,1.1522027,0.13062942,-0.14921969,-0.27802616,-0.12293446,0.99714947,1.0,0.0,0.0,0.0,0.0,0.0,0.0,0.0,0.0,0.0,0.0,0.0,0.0,0.0,0.0,0.0,0.0,0.0,0.0,0.02003886,0.25511846,-0.2566155,0.13070917,-0.03392422,0.01715365,0.4566419,-0.028876642,0.28495002,1.0,-1.0,1.0,0.39988098,-1.0,1.0,1.0,0.9280034,-0.1149076,-0.9933762,0.29301623,0.45637083,-0.028400417,0.2849499,0.021479234,-0.015836969,0.050511986,2.317116,-0.9804736,0.79151547,2.3696518,-0.9865542,0.7670128,2.3315914,-0.98569083,0.7781822,2.0436292,0.028400417,1.0799999
499.0,13.0,0.0,500.0,0.0,-0.16259909,0.22792497,1.0,1.0,0.0,0.0,0.0,0.0,0.0,0.0,1.5090299,1.5090299,1.05,0.4590299,1.5457785,0.49577856,0.060146477,-0.0011806488,0.005336046,0.011663789,1.1825604,0.983477,0.125,0.125,1.5114117,0.4614117,0.40641174,1.051649,0.0,0.0,1.0,0.0,0.0,0.98759204,-1.0,0.9819843,-3.041995,-3.041995,0.227485,0.00044015853,1.2019535,0.2469016,0.44481403,0.05560556,-0.75658286,0.67205584,0.2274567,0.8248907,1.2019535,0.2469016,0.44481403,0.05560556,-0.75658286,0.67205584,0.2274567,0.8248907,1.0,0.2469016,0.44481403,0.05560556,-0.75658286,0.67205584,0.2274567,0.8248907,-1.5,-0.81264716,0.028249452,1.4936284,-0.9687778,1.2577332,-0.04725516,-0.36376187,0.650559,-0.46644214,0.15218349,-0.063125916,0.33041662,0.96749246,-0.35257962,0.012899448,0.023843419,0.04760068,0.91584885,0.96831423,0.0,0.0,0.0,0.0,0.0,0.0,0.0,0.0,0.0,0.0,0.0,0.0,0.0,0.0,0.0,0.0,0.0,0.0,0.20637392,-0.020351283,-0.19319272,0.07157119,-0.02025707,0.0970409,0.45885658,0.019102097,0.28495002,1.0,-0.6779739,1.0,0.2566044,-1.0,1.0,0.7418581,0.8850911,-0.16188355,0.98680985,0.22792497,0.4584775,0.018718243,0.2849499,0.0376929,0.047069825,0.0011537932,2.5555239,3.2783148,1.5090299,2.557322,3.3258953,1.5457785,2.5353096,3.2787979,1.5114117,2.0415225,2.4812818,1.0799999
499.0,15.0,0.0,500.0,0.0,-0.1457734,0.25212806,1.0,1.0,0.0,0.0,0.0,0.0,0.0,0.0,1.4788145,1.4788145,1.05,0.42881453,1.5177927,0.46779275,0.05812057,-0.0024553537,0.014674187,0.014674264,7.9082737,1.2866219,0.625,0.625,1.4838674,0.43386745,0.37886748,1.1362257,0.0,0.0,1.0,0.0,0.0,0.9855392,-1.0,0.9265415,-2.7809494,-2.7809496,0.25175253,0.00037588982,7.2680078,-1.0881656,3.6444464,0.3457494,-3.9313622,1.2351186,0.9700005,0.91179043,7.2680078,-1.0881656,3.6444464,0.3457494,-3.9313622,1.2351186,0.9700005,0.91179043,1.0,-1.0,1.0,0.3457494,-1.0,1.0,0.9700005,0.91179043,-1.5,-0.84000075,0.01194562,1.5,-0.8954059,1.3457537,0.29744372,-0.7594768,0.99503183,0.0634465,0.8865886,0.30964363,0.30263054,0.89589053,-0.6731288,-0.053004134,0.06465583,0.03303159,0.925008,0.96643734,0.0,0.0,0.0,0.0,0.0,0.0,0.0,0.0,0.0,0.0,0.0,0.0,0.0,0.0,0.0,0.0,0.0,0.0,0.9111142,0.60318846,-0.5398008,0.21750116,-0.02982676,0.44792512,0.4571239,0.012349606,0.28495002,-1.0,1.0,-1.0,-0.42456737,1.0,-0.25978398,-1.0,0.6810759,-0.14525767,0.9893939,0.25212806,0.45668632,0.012033939,0.2849499,0.02678079,0.050399955,0.009818818,0.3406128,-4.31813,1.4788145,0.34871444,-4.2757854,1.5177927,0.32121935,-4.3145394,1.4838674,-0.45668626,-5.012034,1.0799999
499.0,16.0,0.0,500.0,0.0,0.095706746,0.21383645,1.0,1.0,0.0,0.0,0.0,0.0,0.0,0.0,1.4189115,1.4189115,1.05,0.3689115,1.4562382,0.4062382,0.03803309,0.006323576,0.013726354,0.013726402,4.2383323,1.2223128,0.375,0.375,1.4235607,0.3735608,0.3185608,0.97063416,0.0,0.0,1.0,0.0,0.0,0.99195117,-1.0,0.96273035,-2.6294954,-2.6294954,0.21341394,0.0004230154,3.89678,-0.346198,1.8662412,0.18450114,-2.1669688,0.92219484,0.55732954,0.86349565,3.89678,-0.346198,1.8662412,0.18450114,-2.1669688,0.92219484,0.55732954,0.86349565,1.0,-0.346198,1.0,0.18450114,-1.0,0.92219484,0.55732954,0.86349565,-1.5,-0.92498493,0.11094872,1.5,-0.82620627,1.3848438,-0.099178284,0.4831002,-0.5137409,0.61483765,-0.57514,0.49497837,0.2379399,0.77351564,-0.58914506,0.045127157,0.07436804,0.020412475,0.94181234,0.97164255,0.0,0.0,0.0,0.0,0.0,0.0,0.0,0.0,0.0,0.0,0.0,0.0,0.0,0.0,0.0,0.0,0.0,0.0,0.12813693,0.035888612,0.040926967,-0.0105714835,-0.005386919,0.061466,0.431595,0.0071456432,0.28495002,-1.0,1.0,-1.0,-0.18342271,1.0,0.20818949,-0.38427126,0.75330025,0.09556071,0.9954236,0.21383645,0.43204066,0.0067634583,0.2849499,0.028738847,-0.0018420251,0.008236658,0.11184066,-1.7793833,1.4189115,0.10618478,-1.7839925,1.4562382,0.09298836,-1.7855076,1.4235607,-0.43204057,-2.5067635,1.0799999
499.0,20.0,0.0,500.0,0.0,-0.17196137,0.24085794,1.0,1.0,0.0,0.0,0.0,0.0,0.0,0.0,1.5237285,1.5237285,1.05,0.47372854,1.5252607,0.47526073,0.012679629,-0.00021779537,-0.01254344,-0.012543371,-6.6658354,-1.0501478,0.5,0.5,1.5245843,0.47458434,0.41958436,1.0123167,0.0,0.0,1.0,0.0,0.0,0.99919456,-1.0,0.9765057,-3.1151066,-3.1151066,0.24036065,0.0004974959,-6.546777,1.9523062,-3.6423705,-0.3150219,3.298855,-0.04719639,-0.72106326,0.71388537,-6.546777,1.9523062,-3.6423705,-0.3150219,3.298855,-0.04719639,-0.72106326,0.71388537,-1.0,1.0,-1.0,-0.3150219,1.0,-0.04719639,-0.72106326,0.71388537,-1.5,-0.87650067,0.18273096,1.5,-0.9917452,1.3212265,0.0027765313,0.057025995,-0.49313697,1.0,0.0044456627,1.0,0.34361598,0.9248353,-0.3373228,0.006423983,0.0045290976,0.011419132,0.92128116,0.97235763,0.0,0.0,0.0,0.0,0.0,0.0,0.0,0.0,0.0,0.0,0.0,0.0,0.0,0.0,0.0,0.0,0.0,0.0,0.29953352,-0.006797956,0.014529522,-0.0009316988,-0.029319257,0.14365962,0.4587469,0.029292583,0.28495002,1.0,-1.0,1.0,0.399879,-1.0,1.0,1.0,0.92800266,-0.17111512,0.98525107,0.24085794,0.45845604,0.028838158,0.2849499,0.013810359,-0.0003509058,0.0030959835,-2.4669564,-4.275775,1.5237285,-2.4604366,-4.2650084,1.5252607,-2.4872804,-4.2749195,1.5245843,-2.958456,-5.028838,1.0799999
499.0,21.0,0.0,500.0,0.0,0.13091043,0.27790004,1.0,1.0,0.0,0.0,0.0,0.0,0.0,0.0,1.3816636,1.3816636,1.05,0.3316636,1.42611,0.37611008,0.06313708,-0.004496932,0.0024454594,0.010700017,3.539254,0.8439232,0.375,0.375,1.3791882,0.32918823,0.27418825,0.90387475,0.0,0.0,1.0,0.0,0.0,0.9966791,-1.0,0.9895769,-3.4897118,2.7934737,0.27741432,0.0004858511,3.844902,-0.33478037,1.8388774,0.18201974,-2.1398177,0.9173794,0.55097914,0.8627525,3.844902,-0.33478037,1.8388774,0.18201974,-2.1398177,0.9173794,0.55097914,0.8627525,1.0,-0.33478037,1.0,0.18201974,-1.0,0.9173794,0.55097914,0.8627525,-1.3830401,-0.86804104,0.037180103,1.5,-1.11118,1.3675202,-0.015583331,-0.65086627,1.0,0.04350943,0.09872075,0.36889398,0.20773406,0.911494,-0.13569555,-0.025708381,-0.04587012,-0.0005306709,0.91096157,0.97521603,0.0,0.0,0.0,0.0,0.0,0.0,0.0,0.0,0.0,0.0,0.0,0.0,0.0,0.0,0.0,0.0,0.0,0.0,0.1579608,0.024282573,-0.16049741,0.08121519,-0.030791432,0.07699455,0.42279243,0.026240826,0.28495002,0.1659137,0.4749218,-0.10166043,0.0060510337,-0.21435271,0.57588863,0.100635424,0.8100489,0.13053684,0.99144346,0.27790004,0.4230883,0.025789738,0.2849499,0.041488964,0.03819173,0.026819833,-2.8762856,-1.6949275,1.3816636,-2.9129086,-1.6690516,1.42611,-2.8962328,-1.69817,1.3791882,-2.9230883,-2.5257897,1.0799999
499.0,22.0,0.0,500.0,1.0,3.305032,0.23762204,1.0,1.0,0.0,0.0,0.0,0.0,0.0,0.0,1.4852556,1.4852556,1.05,0.43525565,1.5188844,0.46888447,0.051766045,0.005422592,0.005374074,0.012228327,6.8582215,1.0015228,0.625,0.625,1.4847722,0.43477225,0.37977228,1.046681,0.0,0.0,1.0,0.0,0.0,0.9975111,-1.0,-0.9628028,2.729041,2.729041,0.23714304,0.00047910537,7.0046268,-1.0301985,3.505522,0.33315167,-3.7935166,1.2106712,0.9377601,0.90801746,7.0046268,-1.0301985,3.505522,0.33315167,-3.7935166,1.2106712,0.9377601,0.90801746,1.0,-1.0,1.0,0.33315167,-1.0,1.0,0.9377601,0.90801746,-0.30739328,-0.96543795,0.47248557,1.44994,0.87254226,1.4785472,0.19740629,0.20249872,-0.058399186,-0.07912683,-0.18721569,0.080537185,0.29887325,0.6959207,0.74136,0.006467358,-0.018708948,0.017426776,0.99357647,0.97919804,0.0,0.0,0.0,0.0,0.0,0.0,0.0,0.0,0.0,0.0,0.0,0.0,0.0,0.0,0.0,0.0,0.0,0.0,0.20660853,-0.007639152,-0.016992522,0.0074257143,-0.017269805,0.09987198,0.4588039,-0.027697874,0.28495002,1.0,-1.0,1.0,0.34294823,-1.0,1.0,0.96283174,0.9109517,-0.1627127,-0.9866735,0.23762204,0.45850325,-0.027261917,0.2849499,0.033067297,-0.0329891,0.022324268,-2.1338446,-0.42414397,1.4852556,-2.116742,-0.38869932,1.5188844,-2.1145136,-0.4177708,1.4847722,-2.9585032,0.027261877,1.0799999
499.0,23.0,0.0,500.0,0.0,-0.13260424,0.21672124,1.0,1.0,0.0,0.0,0.0,0.0,0.0,0.0,1.4215945,1.4215945,1.05,0.37159455,1.4697177,0.4197178,0.05705954,0.0010290146,0.010361075,0.010643034,4.2270393,0.8390225,0.375,0.375,1.419606,0.36960602,0.31460604,0.99280334,0.0,0.0,1.0,0.0,0.0,0.9962423,-1.0,0.9590016,-3.540473,2.7427125,0.21625465,0.0004668549,4.6038084,-0.5018067,2.2391741,0.21831879,-2.537005,0.98782253,0.6438767,0.8736244,4.6038084,-0.5018067,2.2391741,0.21831879,-2.537005,0.98782253,0.6438767,0.8736244,1.0,-0.5018067,1.0,0.21831879,-1.0,0.98782253,0.6438767,0.8736244,-1.4506936,-0.8323407,-0.0072491853,1.5,-1.1188124,1.3747272,0.10140912,-0.51330787,0.7267112,1.0,-0.30882955,1.0,0.24051732,0.9947413,-0.118913636,-0.018322771,-0.046037935,-0.0030118884,0.9329342,0.9710473,0.0,0.0,0.0,0.0,0.0,0.0,0.0,0.0,0.0,0.0,0.0,0.0,0.0,0.0,0.0,0.0,0.0,0.0,0.24936007,0.06620707,0.08512857,-0.045520667,-0.008185178,0.12108872,0.4553268,0.019859552,0.28495002,-1.0,1.0,-1.0,-0.38397196,1.0,-0.18100286,-0.89752185,0.6932345,-0.13221596,0.99122095,0.21672124,0.45499706,0.019432545,0.2849499,0.04066536,0.027043799,0.012636434,-2.6968029,3.3548834,1.4215945,-2.7168288,3.3780978,1.4697177,-2.716951,3.357036,1.419606,-2.954997,2.4805675,1.0799999
499.0,24.0,0.0,500.0,0.0,-0.105695225,0.23344423,1.0,1.0,0.0,0.0,0.0,0.0,0.0,0.0,1.4993026,1.4993026,1.05,0.44930267,1.5126107,0.46261072,0.045225754,-0.0042415857,-0.014832258,-0.014832186,-4.054852,-1.2871501,0.5,0.5,1.5032951,0.4532951,0.39829513,1.1449883,0.0,0.0,1.0,0.0,0.0,0.9408875,-1.0,0.8977658,-2.9086578,-2.9086578,0.23359533,-0.00015053265,-3.6152763,1.3071173,-2.0961063,-0.17480603,1.7646018,0.22491121,-0.36221898,0.7558809,-3.6152763,1.3071173,-2.0961063,-0.17480603,1.7646018,0.22491121,-0.36221898,0.7558809,-1.0,1.0,-1.0,-0.17480603,1.0,0.22491121,-0.36221898,0.7558809,-1.5,-0.7955868,-0.03273123,1.5,-0.936293,1.2738326,0.014434474,-0.08547467,-0.29300776,1.0,0.2354509,1.0,0.32381964,0.86264646,-0.7249049,-0.11820719,0.058129396,0.041054353,0.9212007,0.96472555,0.0,0.0,0.0,0.0,0.0,0.0,0.0,0.0,0.0,0.0,0.0,0.0,0.0,0.0,0.0,0.0,0.0,0.0,0.14069413,-0.1314809,0.48430243,-0.18999924,-0.009523883,0.057723418,0.45302415,-0.0054631233,0.28495002,-1.0,1.0,-1.0,-0.6255858,1.0,-0.64988685,-1.0,0.6208697,-0.10549854,0.99441946,0.23344423,0.4525318,-0.005259514,0.2849499,0.016217133,0.0009082742,0.05361283,-2.13749,5.6821113,1.4993026,-2.1610556,5.7183456,1.5126107,-2.1563613,5.6886277,1.5032951,-2.9525318,5.0052595,1.0799999
499.0,26.0,0.0,500.0,0.0,-0.15669,0.21135786,1.0,1.0,0.0,0.0,0.0,0.0,0.0,0.0,1.4052253,1.4052253,1.05,0.35522532,1.45363,0.40363002,0.060761433,-0.0013257265,0.010286689,0.010286649,5.4156528,0.80278087,0.5,0.5,1.4015342,0.35153425,0.29653427,0.9823659,0.0,0.0,1.0,0.0,0.0,0.9973568,-1.0,0.95513874,-3.5745196,2.7086658,0.21136385,-5.2575488e-06,6.004702,-0.81012696,2.9780965,0.2853246,-3.2701879,1.1178563,0.8153596,0.8936928,6.004702,-0.81012696,2.9780965,0.2853246,-3.2701879,1.1178563,0.8153596,0.8936928,1.0,-0.81012696,1.0,0.2853246,-1.0,1.0,0.8153596,0.8936928,-1.4498379,-0.8518519,0.02390629,1.5,-1.1387887,1.37635,-0.01655534,0.62449044,-1.0,-0.64022803,0.0619361,-1.0,0.22946818,0.9946343,-0.103979915,-0.028352443,-0.05251627,-0.006142907,0.9223572,0.9709376,0.0,0.0,0.0,0.0,0.0,0.0,0.0,0.0,0.0,0.0,0.0,0.0,0.0,0.0,0.0,0.0,0.0,0.0,0.096539125,-0.0031791858,-0.071418546,0.047767375,-0.04098159,0.04579334,0.45604658,-0.0027115345,0.28495002,-1.0,0.9611071,-1.0,-0.099609345,0.9417919,0.37084055,-0.16977344,0.77840286,-0.15604962,0.9877492,0.21135786,0.45551586,-0.002622366,0.2849499,0.039565623,0.023918098,0.017296333,-5.1893044,-1.6314915,1.4052253,-5.2191186,-1.6100428,1.45363,-5.209193,-1.62918,1.4015342,-5.455516,-2.4973776,1.0799999
499.0,29.0,0.0,500.0,0.0,-0.041627016,0.26325938,1.0,1.0,0.0,0.0,0.0,0.0,0.0,0.0,1.455918,1.455918,1.05,0.405918,1.4549518,0.4049518,0.020415893,0.0039982796,-0.013986826,-0.0139867375,-2.659942,-1.2063258,0.5,0.5,1.4590486,0.40904868,0.3540487,1.0384222,0.0,0.0,1.0,0.0,0.0,0.99258655,-1.0,0.9883375,-2.9429348,-2.9429348,0.26377192,-0.0005123175,-2.4104328,1.0419453,-1.4605935,-0.117177516,1.1340247,0.33674717,-0.21473442,0.77314097,-2.4104328,1.0419453,-1.4605935,-0.117177516,1.1340247,0.33674717,-0.21473442,0.77314097,-1.0,1.0,-1.0,-0.117177516,1.0,0.33674717,-0.21473442,0.77314097,-1.5,-0.8508828,0.020049104,-0.36726293,-0.93272233,1.3361899,-0.036422387,0.482184,-0.9367056,0.51165956,-0.114526235,0.0064919027,0.26929533,0.884902,-0.5239625,-0.02162293,0.040116,0.029677756,0.92483044,0.9692642,0.0,0.0,0.0,0.0,0.0,0.0,0.0,0.0,0.0,0.0,0.0,0.0,0.0,0.0,0.0,0.0,0.0,0.0,0.21757706,-0.012050531,0.07502176,-0.03126823,-0.024599373,0.102384806,0.44691372,-0.019648552,0.28495002,-0.38966858,0.597199,-0.39471072,-0.020522922,0.07642163,0.52431834,0.032626525,0.80208975,-0.041614994,0.9991337,0.26325938,0.44673443,-0.019128323,0.2849499,0.015844408,0.008036112,0.017504498,-4.8645267,5.7846565,1.455918,-4.8751736,5.8020496,1.4549518,-4.884639,5.7851505,1.4590486,-5.4467344,5.0191283,1.0799999
499.0,31.0,0.0,500.0,0.0,-0.081593394,0.27727458,1.0,1.0,0.0,0.0,0.0,0.0,0.0,0.0,1.4033474,1.4033474,1.05,0.35334742,1.4484979,0.39849794,0.05805418,0.00394845,-0.0023264885,0.009683697,6.283575,0.72965693,0.625,0.625,1.3989336,0.3489337,0.29393372,0.94183,0.0,0.0,1.0,0.0,0.0,0.9987589,-1.0,0.96626943,-3.54376,2.7394254,0.2776592,-0.0003843193,7.352472,-1.1067551,3.688998,0.3497894,-3.9755676,1.2429588,0.98033977,0.9130004,7.352472,-1.1067551,3.688998,0.3497894,-3.9755676,1.2429588,0.98033977,0.9130004,1.0,-1.0,1.0,0.3497894,-1.0,1.0,0.98033977,0.9130004,-1.4388934,-0.8291454,-0.002483599,1.5,-1.1221105,1.2951957,-0.1278388,0.628909,-0.4386701,-1.0,-0.2505928,-1.0,0.22094147,0.95344454,-0.1311628,-0.010198782,-0.07456879,-0.002350896,0.93335074,0.9722283,0.0,0.0,0.0,0.0,0.0,0.0,0.0,0.0,0.0,0.0,0.0,0.0,0.0,0.0,0.0,0.0,0.0,0.0,0.34331438,0.123187795,-0.82242817,0.36174965,0.0043179095,0.17026906,0.45145178,-0.0145123005,0.28495002,1.0,0.22395453,0.49980956,0.060592562,-0.8111509,0.6817337,0.24021949,0.82638437,-0.08150289,0.9966731,0.27727458,0.45112038,-0.014099598,0.2849499,0.057383716,0.0135466615,0.019570358,-7.725052,-1.6484244,1.4033474,-7.761238,-1.6437047,1.4484979,-7.7449245,-1.6480602,1.3989336,-7.9511204,-2.4859004,1.0799999
