step,eef_c_above_table_m,desired_c_above_table_m,palm_height_error_m,approach_gap_m,commanded_world_dz_m,raw_mean_translation_world_up,normalized_translation_world_up,raw_mean_clip_fraction,palm_normal_cos,finger_outward_cos,controller_error_norm_m
0.0,0.1298673565625,0.1412344690625,0.07530363284375,0.101674009875,0.012010497390625,1.902147271875,1.001506551875,0.21875,0.9998107759375,0.061398216562499996,0.0128835551875
1.0,0.1316125471875,0.1532414996875,0.07695021503125,0.1029506829375,0.012007046843749999,3.595426009375,1.000269491875,0.37890625,0.9997751434375,0.061417576562500006,0.025497911625
2.0,0.134646624375,0.165226750625,0.07986646509375,0.10544843678125,0.011985241015625,3.808599625,0.996640171875,0.41015625,0.99970781375,0.061448828750000004,0.03716213975
3.0,0.138964235625,0.1770566225,0.084062758625,0.1092823005625,0.0119554051875,3.665463415625,0.9922353109375001,0.3671875,0.99962258125,0.061484112187499995,0.0469852926875
4.0,0.1443422175,0.1867409790625,0.0893264305,0.1142857806875,0.01193181728125,3.426947578125,0.9890330696875,0.33203125,0.9995306909375,0.06151987125,0.05218572825
5.0,0.150402688125,0.193507559375,0.09529383484375,0.12010125265625,0.011913645734375,3.105333758125,0.9870794146875,0.29296875,0.9994368821875,0.06156612593750001,0.0525976685
6.0,0.1568257915625,0.19947978875,0.10165418346875,0.1263862281875,0.00984027403125,2.7755170165625,0.8145676290625,0.2265625,0.9993459965625,0.06163970125,0.0518942578125
7.0,0.1633529659375,0.2044469375,0.10814688015625,0.132844716875,0.0081890493165625,2.59686975353125,0.67695315821875,0.22265625,0.9992606825,0.0617389434375,0.050337331625
8.0,0.1698399890625,0.2096836684375,0.1146177134375,0.139301840625,0.008286055303125,2.574009978125,0.6843232971875,0.21875,0.9991824265625,0.061846654062500006,0.0492923253125
9.0,0.17625477875,0.215613521875,0.1210248955,0.1457123909375,0.008917552059375,2.5998354040625,0.736104020625,0.20703125,0.9991117303125,0.061950832187500006,0.0490550191875
10.0,0.182621184375,0.22201556,0.127386796125,0.15210176125,0.009341602990625,2.6088013065625,0.7708074825,0.203125,0.999048663125,0.06204614406250001,0.04931611815625
11.0,0.1889690759375,0.2285326,0.1337315065625,0.1585085721875,0.009405011759375,2.5877555765625,0.775696775,0.203125,0.9989933553125,0.06213151875,0.049698594875
12.0,0.1953100603125,0.234901685,0.1400707178125,0.164953563125,0.009198263709375,2.544221151875,0.7582482525,0.203125,0.9989457871875,0.062207236250000006,0.049946140875
13.0,0.2016329315625,0.2409840071875,0.14639383125,0.1714321653125,0.008848154165625,2.489213341875,0.72896175625,0.203125,0.9989058246875,0.062274243125,0.04995276321875
14.0,0.2079141803125,0.246787179375,0.15267757625,0.177924425,0.008504164425,2.435565661875,0.7002229596875,0.19921875,0.998873091875,0.062333297187500004,0.049765135
15.0,0.214130531875,0.25240444625,0.158898245625,0.1844079009375,0.008272511640625,2.3922337803125,0.680834050625,0.19921875,0.9988471590625,0.062385130312499995,0.049488987
16.0,0.220265825625,0.25791890375,0.1650388796875,0.1908670896875,0.00814454956875,2.3575812103125,0.6700736890625,0.19921875,0.998827265625,0.062431007499999996,0.0491963946875
17.0,0.2263109059375,0.2633567446875,0.171089681875,0.197292893125,0.008055634809375,2.32630815,0.66257563125,0.203125,0.99881254375,0.062472885,0.04890521975
18.0,0.232260920625,0.2687133434375,0.1770452703125,0.2036814075,0.00796344763125,2.29512672875,0.6548232090625,0.203125,0.9988021621875,0.0625128696875,0.0486176379375
19.0,0.2381117575,0.273981068125,0.1829013403125,0.2100295990625,0.007865144671875,2.264353363125,0.6465749015625,0.203125,0.998795321875,0.0625534578125,0.0483377035625
20.0,0.243858993125,0.279167529375,0.1886578496875,0.2163409446875,0.007776992659375,2.2329929396875,0.6391770840625,0.203125,0.998787791875,0.06259357625,0.04807114196875
21.0,0.2495302065625,0.2842922290625,0.1943631728125,0.222654730625,0.007710873925,2.202896099375,0.633690494375,0.203125,0.998754669375,0.06267235437500002,0.04780593925
22.0,0.255063895,0.289394480625,0.199921235625,0.228895864375,0.007675966834375,2.1803787209375,0.631218948125,0.203125,0.99875403125,0.062702046875,0.04760296878125
23.0,0.260479075,0.2944434809375,0.2053560584375,0.235096475,0.00764749551875,2.158118490625,0.629140879375,0.203125,0.9987587671875,0.062712083125,0.04741120803125
24.0,0.26582471750000003,0.299446915,0.210728075625,0.2412849721875,0.00761613245625,2.137973860625,0.626760439375,0.20703125,0.99876251,0.06271198593749999,0.04722332734375
25.0,0.271063885625,0.304453723125,0.2159680428125,0.247407541875,0.007570663484375,2.0240389065625,0.623329111875,0.203125,0.9988000434375,0.06264040406250002,0.0470784779375
26.0,0.27619240375,0.3093010728125,0.2210736428125,0.2534683334375,0.007223766346875,1.8421030334375,0.594328575,0.1875,0.9988335321875,0.06263328375,0.046752625
27.0,0.2812813684375,0.3139864078125,0.22615731125,0.2595172975,0.007070091709375,1.7585869809374999,0.5815733,0.18359375,0.9988362,0.0627150384375,0.046417213875
28.0,0.286424840625,0.318899273125,0.2313396621875,0.26561228656249997,0.0070579441125,1.5419407846875,0.58080999375,0.16796875,0.9987401240625,0.06311291187500001,0.04621296709375
29.0,0.291464996875,0.32395278,0.236414975625,0.271636026875,0.007232273471875,1.5684176278125,0.5953264771875,0.171875,0.9986798,0.06343913375,0.04632804925
30.0,0.2964023203125,0.3287265478125,0.241373334375,0.27761239375,0.007188630475,1.679072951875,0.592253225625,0.1875,0.9986695203125,0.06362660625,0.04636272165625
31.0,0.3012019684375,0.33314346625,0.2461636096875,0.2835207596875,0.0071398644875,1.8328434859375,0.5882746490625,0.203125,0.9987178353125,0.06355510375,0.04626726559375
32.0,0.305965473125,0.3375407759375,0.2509010275,0.2894123209375,0.007070259290625,1.6393088709374999,0.5823094153125,0.1875,0.998773516875,0.0634390584375,0.04612024121875
33.0,0.3106316840625,0.342147266875,0.2555085428125,0.2952247075,0.00678776943125,1.2352561928124999,0.5582834125,0.14453125,0.99884176,0.06336092750000001,0.04602852421875
34.0,0.31523643,0.3464566271875,0.2600669934375,0.30099354625,0.006234556678125,1.0551339365625,0.512249370625,0.12890625,0.9988346471875,0.06346049843749998,0.04573932478125
35.0,0.319868568125,0.3506822025,0.26469501125,0.3067536178125,0.006291512084375,1.0861101103125,0.5160146925,0.13671875,0.9987314925,0.0637534759375,0.045532644125
36.0,0.3243629225,0.354849480625,0.269184286875,0.3124135978125,0.006425700908125,1.286667460625,0.5274693690625,0.1484375,0.9986915853125,0.06388894968749999,0.045522340125
37.0,0.32880758718750003,0.3588955884375,0.2736242496875,0.3180438525,0.0064506959375,1.330258365625,0.5298754509375,0.15234375,0.998704524375,0.063897801875,0.04545981371875
38.0,0.333273045625,0.3632296003125,0.278108084375,0.3237046525,0.00668737765625,1.23471403875,0.54845964125,0.1484375,0.99870093625,0.063899034375,0.0454348296875
39.0,0.3374707475,0.3676759525,0.282231435,0.3291907971875,0.0063964933124999995,1.017176657375,0.5261467370625,0.1171875,0.998767993125,0.0639666203125,0.04566975365625
40.0,0.341596038125,0.371718179375,0.28626935,0.3346234265625,0.00652109058125,1.1237348828125,0.5346945525,0.12109375,0.998728360625,0.0644261346875,0.045688768625
41.0,0.345842811875,0.375576355,0.2904912309375,0.3401473740625,0.006467873864375,1.0699484921875,0.529286914375,0.1171875,0.9985948715625,0.0648950446875,0.04545712015625
42.0,0.35027544781250003,0.3795990484375,0.294979785,0.3457929790625,0.0064331256853125,0.9645724928125,0.5266942865625,0.109375,0.9984251003125,0.0652512475,0.0451896883125
43.0,0.3545151571875,0.3836890078125,0.2992598340625,0.3513641203125,0.006082760609375,0.99869709084375,0.49836854459375,0.10546875,0.9985061878125,0.0648471621875,0.0452621905625
44.0,0.3585889509375,0.3872033571875,0.3033781271875,0.356825915625,0.0056551570584375,0.92724059746875,0.46458368621875,0.08984375,0.9986231240625,0.0644300834375,0.04491439525
45.0,0.3626993578125,0.3901802853125,0.30753860625,0.3623023959375,0.00507543212709375,0.9168312259375,0.417130220625,0.10546875,0.9986081865625,0.0642948184375,0.044201599
46.0,0.366683879375,0.3924498590625,0.3115653284375,0.3676358840625,0.0041127701603125,0.796893085625,0.338652585625,0.0859375,0.99862266375,0.06412457062500002,0.043329179437500004
47.0,0.3703928721875,0.394240921875,0.3152910778125,0.372686824375,0.003186577415,0.39086437146875,0.26321658709375,0.05859375,0.9986761725,0.06398148249999999,0.04273466009375
48.0,0.3736880646875,0.3941418034375,0.3185869415625,0.37728484,0.00055235735625,0.11627550390625001,0.04669376578125,0.05078125,0.9987405190625,0.06393181218749999,0.04153650625
49.0,0.376486718125,0.3920062884375,0.32141294125000003,0.3812727375,-0.0014114983896875001,-0.16737980065625002,-0.11664004190625,0.07421875,0.9988123553125,0.06380985375,0.04007550246875
50.0,0.378674939375,0.38969256,0.3236386671875,0.3845142734375,-0.0019683976243750003,-0.10754492471874999,-0.16258614128124999,0.05859375,0.9988076090625,0.0638903946875,0.0403199600625
51.0,0.3803916109375,0.3875290490625,0.3254430290625,0.3871051971875,-0.0020638255120625,-0.10898922425,-0.1710193451875,0.0546875,0.9987477390625,0.064008960625,0.041656931375
52.0,0.381503338125,0.38548098531249997,0.3266400590625,0.389040099375,-0.00223693844890625,-0.18452106983125002,-0.18663430201875,0.0546875,0.9987397215625,0.06397305281250001,0.04331685475
53.0,0.3817715021875,0.3838730384375,0.326905239375,0.3902410653125,-0.00227490544294375,-0.20414544569406248,-0.1895786160065625,0.0546875,0.998896599375,0.06397274124999999,0.04462611465625
54.0,0.3817259453125,0.38247367375,0.3268582225,0.3911025690625,-0.002513489493625,-0.14831014299375,-0.21165990799375,0.05859375,0.999033518125,0.0640144775,0.044582795875
55.0,0.3814611140625,0.38051271125,0.3266083834375,0.391723940625,-0.003074495573125,-0.230777917325,-0.2566743913875,0.0546875,0.9991135071875,0.0639329071875,0.0442324715
56.0,0.3809188090625,0.37847343875,0.3261014375,0.39210646,-0.00319605988125,-0.3080412165625,-0.2675479078125,0.03125,0.9991574109375,0.0636165521875,0.0444881665
57.0,0.3802965053125,0.37644221031249997,0.325557095625,0.3923511003125,-0.0032236726796874998,-0.2047371205625,-0.270865515875,0.0234375,0.9991219740625,0.06347790812499998,0.044628804625
58.0,0.379542325,0.3747772321875,0.3249042334375,0.392443830625,-0.0027749995446875,-0.16376183337500003,-0.23466943337499999,0.04296875,0.999014749375,0.06351629687499999,0.04482758590625
59.0,0.37860478,0.372719600625,0.3240621134375,0.39223182125,-0.0028860045628125,-0.19586666109374998,-0.24410399703125002,0.046875,0.99883492625,0.06401350156249999,0.0445729165625
60.0,0.37746954312500003,0.3709401490625,0.322970371875,0.3919915834375,-0.0032347274625,-0.3187172739375,-0.272713672375,0.04296875,0.9987825325,0.064300871875,0.04448711090625
61.0,0.3763842815625,0.36907725875,0.321949344375,0.3918332878125,-0.00291684895125,-0.32075681703125,-0.24659675140625,0.03125,0.9987840371875,0.06441930562499999,0.0443754805
62.0,0.375113773125,0.3671876940625,0.320724430625,0.3916011071875,-0.003363422025625,-0.3553467193125,-0.2843799911875,0.04296875,0.9988532865624999,0.0642127471875,0.04458530840625
63.0,0.3736629078125,0.36504110875,0.319281756875,0.39128142125,-0.0030630449421875,-0.27292192753125,-0.25789821503125,0.02734375,0.998950276875,0.06384838062499999,0.04451589084375
64.0,0.372115521875,0.36284670343750003,0.3177239815625,0.390897391875,-0.0035136010909375,-0.33573271365625,-0.29576112615625,0.046875,0.9990530603125,0.06349278093749999,0.0445751356875
65.0,0.370447994375,0.360810123125,0.31602425093750003,0.3904341509375,-0.003082524691875,-0.29652287915625,-0.25827752915624996,0.01953125,0.9991180365625,0.0632142471875,0.04443042125
66.0,0.36885109125,0.3585063209375,0.3144423140625,0.3899766796875,-0.00371928572040625,-0.4193159044375,-0.3108039294375,0.0390625,0.9991903659375,0.062873196875,0.04420548128125
67.0,0.3673842325,0.3566925678125,0.3130239059375,0.3895565809375,-0.0026084108334375002,-0.25273987040625,-0.21792853290625,0.015625,0.9992440609375,0.06264422812499999,0.043758544093750004
68.0,0.36592262,0.3546383821875,0.3116150021875,0.389115774375,-0.0034192058750000002,-0.3966252649375,-0.2857980649375,0.0390625,0.99926968,0.06262119375,0.04354505371875
69.0,0.3644096484375,0.3532380953125,0.3101396071875,0.3886608303125,-0.001981914819375,-0.19616340765625,-0.16571964203125,0.03125,0.999288903125,0.0626907621875,0.04343687859375
70.0,0.3628115309375,0.35113851375,0.30856437875,0.3882064809375,-0.00320916686125,-0.2691315504375,-0.2691472598125,0.05078125,0.9993013178125,0.0627396196875,0.04391232453125
71.0,0.361157820625,0.3498706228125,0.3069144528125,0.387805623125,-0.0020938523553125,-0.11725048431249999,-0.1765218624375,0.03125,0.99931014625,0.062711161875,0.04384729465625
72.0,0.35946998,0.348138986875,0.3052216421875,0.3874914596875,-0.0030813318253125,-0.2753186581875,-0.2593764394375,0.0546875,0.999320626875,0.0626155675,0.04417868825
73.0,0.3578166803125,0.34736964875,0.3035525671875,0.3873111228125,-0.00135821609109375,-0.06168432591250001,-0.11489197591250001,0.0234375,0.99933181,0.062484215312499994,0.04395712815625
74.0,0.3561707784375,0.34525273,0.30188881875,0.3872367546875,-0.002884296529875,-0.213202956053125,-0.242534990428125,0.03515625,0.999342746875,0.062345749062500004,0.04450617671875
75.0,0.354544154375,0.3440180815625,0.30024251750000003,0.3872704803125,-0.00177870290453125,-0.14385223230625,-0.14987448543125,0.02734375,0.99935338625,0.062216582812500004,0.0442791348125
76.0,0.3529305784375,0.342356663125,0.298609119375,0.3874032784375,-0.00218282845081875,-0.1645206552115625,-0.1835953598990625,0.03515625,0.9993619409375,0.0621074125,0.04457770234375
77.0,0.351369795,0.3416229975,0.2970285465625,0.3876782309375,-0.00132228373628125,-0.1040318682475,-0.11164575106,0.04296875,0.9993697296875,0.062019942187499996,0.0442167559375
78.0,0.3498856303125,0.34080979375,0.2955234284375,0.388122754375,-0.0010837667316968749,-0.03952507749187499,-0.091209555616875,0.01953125,0.9993741796875,0.06195309906249999,0.04409034534375
79.0,0.3484895375,0.340174526875,0.294105030625,0.388752196875,-0.000740934665165625,-0.0316953949275,-0.06241887930250001,0.01171875,0.999377161875,0.061908529062499995,0.0440724521875
80.0,0.34711521875,0.3386235203125,0.292709410625,0.3895202846875,-0.002065335725446875,-0.15669655678625,-0.17242620991125,0.03125,0.9993796384375,0.0619006771875,0.044319490875
81.0,0.34579954125,0.3380241621875,0.2913722878125,0.39044790125,-0.000700630577875,0.02332890656250001,-0.058127930937499996,0.015625,0.99937971125,0.0619076375,0.0434239040625
82.0,0.3444817509375,0.3360711040625,0.2900362221875,0.3914793734375,-0.002207544233125,-0.13029348261875,-0.18382376918125,0.015625,0.9993787065625,0.06193126375000001,0.04389446759375
83.0,0.3431685084375,0.3345833725,0.28871103,0.3926014596875,-0.00193408822921875,-0.14957202469375,-0.16129347156875,0.02734375,0.9993510703125,0.062089275624999996,0.044168816968749997
84.0,0.341820764375,0.3328774690625,0.287356090625,0.3937827853125,-0.00198178214409375,-0.1302621868875,-0.1647738993875,0.015625,0.999325954375,0.062218331875000005,0.04411756590625
85.0,0.3404359228125,0.3308350134375,0.28596992375,0.39500123875,-0.00203239165228125,-0.16263298864375,-0.16897667301875,0.01953125,0.999305030625,0.0623021375,0.044268908343749996
86.0,0.3389592434375,0.3283113465625,0.2844994925,0.3962112359375,-0.00281248068428125,-0.25972569275,-0.2341864918125,0.01953125,0.9992975340625,0.062311693125,0.04488908134375
87.0,0.337415195,0.3268033746875,0.282958924375,0.397445158125,-0.00154254407578125,-0.12323744568125,-0.12856858224375,0.0078125,0.999300009375,0.06228606093749999,0.04486295221875
88.0,0.33580149375,0.324774753125,0.2813458415625,0.398714924375,-0.0021405495773749996,-0.17842778238125,-0.17802773081874998,0.0078125,0.999310830625,0.0622329446875,0.0451703605
89.0,0.334127589375,0.3228246984375,0.279673269375,0.4000396234375,-0.0023109695815625,-0.221955136640625,-0.192766867890625,0.0078125,0.9993255171875,0.062171275,0.045248028875
90.0,0.33242148875,0.3212110309375,0.277967285,0.401448415625,-0.001884194435,-0.15691223745,-0.15691223745,0.0,0.9993395609375,0.062109143125,0.04489564009375
91.0,0.330686151875,0.3191532634375,0.276232030625,0.402943344375,-0.00224400559859375,-0.19781817258125,-0.18668602570625,0.00390625,0.9993532890625,0.0620456653125,0.04438514646875
92.0,0.3288971075,0.31667770375,0.27444525,0.404495409375,-0.0028257854671875,-0.26496645529375,-0.23524735841875,0.01171875,0.999366725,0.06198073531249999,0.04449258534375
93.0,0.3270902846875,0.3152096003125,0.2726374384375,0.4061432584375,-0.001627112819375,-0.134820214728125,-0.135265783478125,0.00390625,0.9993792615625,0.06191782375,0.04436467821875
94.0,0.3252671290625,0.3132722640625,0.27081155687499997,0.4079030003125,-0.00219427671765625,-0.14860184972499998,-0.182478874725,0.01171875,0.99939012,0.061859298124999997,0.0446949163125
95.0,0.3234534090625,0.31184925125,0.2689934484375,0.4098092525,-0.00170846569915625,-0.08687221553437499,-0.142110378034375,0.015625,0.9993982496875,0.06181576781249999,0.04477085203125
96.0,0.321684938125,0.310650688125,0.2672193053125,0.4118943271875,-0.0014428419754999998,-0.08163826631875,-0.12014213819375,0.015625,0.9994036831249999,0.061786007500000004,0.044824234156250004
97.0,0.3200054234375,0.30989469000000003,0.265531930625,0.41419007937499996,-0.00091946542746875,-0.0453698303703125,-0.07660836162031251,0.0078125,0.9994075140625,0.061763810625000005,0.0446303609375
98.0,0.3184366565625,0.30914210937500003,0.263953853125,0.41670184625,-0.00079213269171875,-0.047314545055937504,-0.06610664099343751,0.00390625,0.99941042375,0.06174401,0.04424050290625
99.0,0.3169972665625,0.30868011,0.2625046821875,0.41942907125,-0.0006000988986406251,-0.04330381687343749,-0.0501266471859375,0.0078125,0.9994127203125,0.061725828125,0.04368545675
100.0,0.315731645,0.308963350625,0.261227306875,0.4223897759375,0.00026528628171874994,0.022049654312499996,0.022049654312499996,0.0,0.9994141065625,0.0617085225,0.04293262946875
101.0,0.3146795696875,0.3095982859375,0.2601620590625,0.4255958740625,0.00047989075865625003,0.039951293778125,0.039951293778125,0.0,0.999414593125,0.0616917115625,0.0423865860625
102.0,0.3138637025,0.3104406925,0.2593318665625,0.4290339365625,0.0006271031943125001,0.07618507088437498,0.05229676463437499,0.0078125,0.9994139775,0.06167606968749999,0.04160103815625
103.0,0.3133059471875,0.31166171593750003,0.25875961296875,0.4326805890625,0.0010296121256875,0.11917214364999999,0.0858715602125,0.0234375,0.999412409375,0.061660684375000004,0.04103056271875
104.0,0.31303393375,0.313440501875,0.25846988390625,0.43651042156250003,0.0016426192980625001,0.246937595546875,0.136675137734375,0.0234375,0.99940983625,0.06164455218749999,0.04101847928125
105.0,0.3130752475,0.315725425,0.258489163125,0.4405080609375,0.00211730296359375,0.38310595797812497,0.17583366516562499,0.046875,0.9994049675,0.061634231250000004,0.04159817434375
106.0,0.31343902218749997,0.31822578218750003,0.2588254546875,0.44464351375,0.0026134943120937498,0.623907041771875,0.216709747709375,0.08203125,0.9993970309375,0.06162912499999999,0.0423562975
107.0,0.3141141759375,0.3207655209375,0.259470556875,0.4488772028125,0.0026590054023125,0.828775580525,0.2199231789625,0.1015625,0.9993843625,0.061634149374999996,0.04345715078125
108.0,0.3150794321875,0.323388409375,0.2604043934375,0.45317829125,0.003159664525,0.97591738789375,0.26113339476875,0.109375,0.9993669015625,0.06164717625,0.0443223834375
109.0,0.3162879828125,0.3256539215625,0.2615822875,0.457519869375,0.0031317066415625,1.0134678621125,0.2582431943,0.1171875,0.9993456975,0.0616690728125,0.04491256521875
110.0,0.317682173125,0.327698715625,0.262946881875,0.4618821315625,0.00356664663140625,1.03919356365625,0.29404586990625,0.1171875,0.999322918125,0.06169506749999999,0.04480853
111.0,0.3192263984375,0.3299150353125,0.264462975625,0.4662723615625,0.003778765084375,1.01113494059375,0.31127672371875,0.12109375,0.9993007840625,0.06172462249999999,0.0445440695
112.0,0.3208958878125,0.33215714875,0.2661054471875,0.4707061721875,0.00397897971625,1.02043708621875,0.32756946278125,0.12890625,0.9992810353125,0.06175343968750001,0.044191862625
113.0,0.322673046875,0.33446175625,0.2678577725,0.47520111875,0.0039429226259374995,0.9689522475000001,0.3241536965625,0.12890625,0.9992648603125001,0.0617814296875,0.04407247825
114.0,0.3245547753125,0.33700174,0.2697167809375,0.4797783015625,0.00418780865625,0.950967251953125,0.344220734453125,0.12890625,0.9992524684375,0.06180633906250001,0.04404599840625
115.0,0.3265331359375,0.3395029121875,0.2716744321875,0.4844454609375,0.004082790209375,0.946929708609375,0.33512722360937497,0.13671875,0.99924332625,0.061828388750000005,0.044087064125
116.0,0.3285956240625,0.34198087125,0.27371865625,0.48920137062499996,0.004075008339625,0.9261715165125,0.3341929962,0.13671875,0.9992372396875,0.06184610031249999,0.044318685375
117.0,0.3307185946875,0.3442521534375,0.275825995625,0.4940347034375,0.0040105285778125,0.90043331590625,0.32857488621875,0.1328125,0.9992335296875,0.061860376250000015,0.044469443125
118.0,0.3328838871875,0.346550009375,0.2779781484375,0.49893873843750003,0.004021411188125,0.874872677125,0.3292855743125,0.1328125,0.9992316059375,0.06187213156249999,0.04468438815625
119.0,0.3350804303125,0.34885463875,0.28016376187500003,0.5039113784375,0.004001477383125,0.84581570503125,0.32746740971875,0.12890625,0.9992311771875,0.0618824353125,0.044911226
120.0,0.337292536875,0.3510152584375,0.2823668821875,0.508947488125,0.00400548640703125,0.8190216681625,0.3277197616,0.12109375,0.9992318415625,0.061891752812500006,0.04493722278125
121.0,0.3395088425,0.35316652,0.2845759046875,0.5140424140625,0.0039935299244375,0.7888140974625001,0.3266775343375,0.12109375,0.9992334309375,0.06190029625000001,0.04494203796875
122.0,0.3417237359375,0.355331665625,0.286785009375,0.519195513125,0.0039835375505,0.7582650430625,0.32583717775,0.1171875,0.99923586625,0.06190836937500001,0.04495804853125
123.0,0.3439353778125,0.357508173125,0.2889921775,0.52440845625,0.003965724273125,0.72819217536875,0.32442395755625,0.09765625,0.999238988125,0.061916382812500004,0.044983066
124.0,0.3461439109375,0.3597018271875,0.2911974928125,0.52968182625,0.0039450381421875,0.69804923315625,0.32287389284375,0.08984375,0.9992427390625,0.061924081874999995,0.04501727471875
125.0,0.34835040625,0.3619026203125,0.2934019528125,0.53501567875,0.0039167054440625,0.667726031,0.3207223956875,0.08984375,0.9992471428125,0.06193132750000001,0.045061778156249996
126.0,0.3505553375,0.36409933437499997,0.29560607625,0.5404099190625,0.00388003495140625,0.63579001235625,0.31790137016875003,0.0859375,0.9992520959375,0.06193769187499999,0.045116825718749996
127.0,0.3527585565625,0.3662868325,0.2978099109375,0.545863468125,0.0038403833881875,0.601241073146875,0.314867779084375,0.08203125,0.999257605625,0.06194282906250001,0.0451840128125
128.0,0.354958919375,0.368459696875,0.3000127975,0.5513742975,0.0037939527153125,0.56033783834375,0.31133776021875,0.07421875,0.99926368375,0.0619455821875,0.0452685543125
129.0,0.35713287,0.370612525,0.302191946875,0.55693097875,0.003661779545625,0.509033892875,0.3007827131875,0.06640625,0.9992722625,0.06193513812500001,0.045360695718749997
130.0,0.35920019062499997,0.3726506865625,0.3042670421875,0.5624896425,0.003401035060625,0.44678106621875,0.27968141996875,0.046875,0.999287275,0.061878530000000015,0.045284608875
131.0,0.361223113125,0.37407663812499997,0.3063056884375,0.5680786609375,0.0025981762334375,0.34470669725,0.213540235375,0.0390625,0.9992919821875,0.06178694781249999,0.045017479
132.0,0.363359086875,0.3756145271875,0.30847267125,0.5737528321875,0.0025658062165625,0.3564992304375,0.212014472625,0.046875,0.9992662625000001,0.061647694687500004,0.043982612375
133.0,0.3653359775,0.3758071040625,0.310483235625,0.5793716878125,0.0009891026562499998,0.12282556896874999,0.08109000021875,0.01953125,0.9992476346875,0.06153913875,0.0435199420625
134.0,0.3669434003125,0.3753375296875,0.3121283553125,0.5848165178125,-7.612170062499998e-05,-0.008442960000000001,-0.0068929675000000004,0.015625,0.99925995875,0.061439196875,0.042947965875
135.0,0.36797403875,0.373491660625,0.3132017153125,0.589937243125,-0.0017282803634375002,-0.14447351184374999,-0.14360804465625,0.01953125,0.9992789103125,0.06130339781249999,0.04174436253125
136.0,0.3679774390625,0.37114964125,0.3132349125,0.5945351478125,-0.002075821311028125,-0.1339319933525,-0.1713011214775,0.01171875,0.9993333375,0.061132861875000014,0.04032508271875
137.0,0.3679294290625,0.3685003128125,0.3132411771875,0.59903229625,-0.00246677095125,-0.56001851990625,-0.20463044053124999,0.0546875,0.99929857125,0.060908912187500004,0.0402633376875
138.0,0.3677599725,0.367112714375,0.3131376903125,0.603359075,-0.0011195721840625,-0.00761300090625,-0.09171187590625,0.0234375,0.999224345,0.06072129,0.04055748553125
139.0,0.367473495625,0.36430047593750003,0.3129218990625,0.60750057125,-0.0026497044915625,-0.3278466524375,-0.2203825699375,0.03515625,0.999148214375,0.0605452153125,0.04253746084375
140.0,0.3669966265625,0.3619413303125,0.312508818125,0.6114413628125,-0.0021967722359375,-0.14768915765625,-0.18317239109375,0.02734375,0.9991253578125,0.06037068781249999,0.0436436623125
141.0,0.3664138625,0.3582332653125,0.3119953396875,0.615231406875,-0.0038854646978125,-0.390274888875,-0.32505151825,0.03515625,0.9991365215625,0.060271101875000004,0.0457973671875
142.0,0.365950819375,0.3564031478125,0.3116150015625,0.619004724375,-0.00225009460875,-0.23982251159375,-0.18890909159375,0.03125,0.999108625625,0.0602005803125,0.046466004906250004
143.0,0.3653183771875,0.35354058125,0.3110808890625,0.62266029375,-0.0044225942328124995,-0.5964278388750001,-0.37092913574999997,0.06640625,0.9990332346875,0.06019254,0.04692634978125
144.0,0.3644123725,0.3525242315625,0.3102880365625,0.626255290625,-0.0017369825653125,-0.15592704940625,-0.14690925565625,0.046875,0.998920766875,0.06037947875,0.04532670690625
145.0,0.36288175625,0.350017824375,0.3088397559375,0.629501505625,-0.0038031663625000003,-0.30003626462500005,-0.319593794625,0.08984375,0.998839929375,0.060765794375,0.04538069734375
146.0,0.361056325625,0.3492427534375,0.307057841875,0.632564984375,-0.0008826575903125,-0.06081340778125,-0.07580126090625,0.03125,0.9988010396875,0.06102864781249999,0.04499671140625
147.0,0.3587403475,0.3447046646875,0.3047795690625,0.6354043471875,-0.0052674612340625,-0.537409785203125,-0.445140482078125,0.11328125,0.9986721671875,0.06117136593749999,0.04674619646875
148.0,0.356521026875,0.3452109325,0.302606185,0.6382402809375,0.00018585042062499994,0.20054531055625002,0.013506519931249995,0.046875,0.998198495,0.06114859156250001,0.04501557103125
149.0,0.3541264903125,0.34237620625,0.30026307812499997,0.6409297809375,-0.0040636308736875,-0.553466095246875,-0.344812010871875,0.0859375,0.9974636625,0.061023349062499996,0.046154590937500004
150.0,0.3516858928125,0.342438783125,0.297849345625,0.6435501875,6.636138749999956e-06,0.08911125196874999,-0.0009135917812500005,0.09375,0.996411416875,0.0608710378125,0.046263954125
151.0,0.3493880465625,0.3397982828125,0.29557755343750003,0.6461365353125,-0.00316813850625,-0.11310926925000003,-0.2663991951875,0.1015625,0.9948118778125,0.06091248343749999,0.04914786478125
152.0,0.347105658125,0.3398007765625,0.2933416025,0.6489481040625,-9.96620034375001e-05,0.024266661093750003,-0.008827684843750003,0.109375,0.9933872209375,0.0609714190625,0.0490381583125
153.0,0.345319599375,0.337248355,0.2916102121875,0.6520101390625,-0.0030850579809375,-0.57507358684375,-0.26345663371875,0.1015625,0.993120715625,0.06084065000000001,0.0491397545625
154.0,0.343466605,0.3374038228125,0.28980909718750003,0.6551165115625,-0.0002031966112500001,-0.17375590149999998,-0.021463467124999996,0.12890625,0.9935644,0.06063809343749999,0.047228661625
155.0,0.3416903496875,0.33640877375,0.28806882968749997,0.658067199375,-0.0006840969671874999,0.26176747596875,-0.05708094278125001,0.08984375,0.994098753125,0.06058092218749999,0.0464712923125
156.0,0.3406101128125,0.335887354375,0.2870157153125,0.66112865375,-0.0003703208408125,-0.3846194773687501,-0.03766996799375,0.17578125,0.9938915243750001,0.0605242409375,0.04691903475
157.0,0.3399523728125,0.33505045437500003,0.2863679778125,0.6642009578125,-0.0009029517671875,-0.05292473328125,-0.07662991140625,0.16015625,0.9933565871875,0.060672611249999994,0.0477253875625
158.0,0.3396029665625,0.333800583125,0.28609027062500003,0.6674817271875,-0.0020275972934375,-0.45292464790625,-0.17677687821875,0.21875,0.99304414875,0.060400536562499996,0.0490876369375
159.0,0.3398288046875,0.334374055,0.2864300159375,0.6708280603125,-0.00067063302125,0.1094647128125,-0.06146212781250002,0.15625,0.9925671265625,0.059748957500000005,0.05052316290625
160.0,0.3403669253125,0.33581031625,0.287140485,0.674250698125,0.00104767298375,0.50427028746875,0.08396614778125,0.171875,0.991539809375,0.05924400187500001,0.0500115555625
161.0,0.341126526875,0.334982681875,0.28808569562499997,0.677662251875,-0.0016616602715624998,0.04688886768749993,-0.1438082479375,0.17578125,0.9900443346875,0.05960768343749999,0.0474570258125
162.0,0.3418752284375,0.3355228334375,0.2889849625,0.68118669,0.0007636466843749999,0.9935816446875,0.0641360790625,0.2109375,0.9888995053125,0.06032215124999999,0.04793476753125
163.0,0.342856764375,0.3336181121875,0.2900911128125,0.6847672121875,-0.002243229778125,-0.5225534153125,-0.1906853403125,0.2109375,0.9879586465625,0.060813411875000015,0.0498682944375
164.0,0.343670878125,0.33270069125,0.290959868125,0.6880941825,-0.0014260126065624998,-0.27276992490625,-0.12065627990625001,0.2109375,0.986332610625,0.060961250625,0.0514120106875
165.0,0.34377676875,0.331502478125,0.291004810625,0.69113194625,-0.0020112526,-0.42202446968750007,-0.1711461875,0.2109375,0.9851119528125,0.061541487187499994,0.051407932
166.0,0.3439010290625,0.330234919375,0.2910276634375,0.6940849471875,-0.0022764278968749998,-0.804636490375,-0.190068364125,0.24609375,0.982921354375,0.06309766312500001,0.0507686011875
167.0,0.3443456075,0.3331750028125,0.29136673,0.6967942146875,0.0023126643131874997,0.7186268851625001,0.20145233484999997,0.20703125,0.9787986871875,0.06631259218749999,0.0472947140625
168.0,0.34541022375,0.3336492134375,0.29234210125,0.6999929340625,-0.0013059619031250001,-1.4343370659375,-0.116057314375,0.2578125,0.97426856875,0.0700505484375,0.04818093059375
169.0,0.3458001515625,0.3361618740625,0.2926711725,0.7031267784375,-0.0002653061343750001,-0.5143191428124999,-0.025383589375,0.328125,0.971814979375,0.07244958218750001,0.04647443525
170.0,0.345202878125,0.3400053490625,0.2920299278125,0.70638616,0.0016850535281249998,-0.04967523437499997,0.13577888781250003,0.265625,0.9723429896875,0.07319688343750001,0.04537574453125
171.0,0.344506424375,0.3438347615625,0.29122577843749997,0.7091998678125,0.0022877485321875003,0.14696807014374996,0.18734043526875,0.32421875,0.9735280440625,0.07286355875,0.04681149103125
172.0,0.344710889375,0.348945661875,0.2913648003125,0.7119529325,0.0052001392428125,1.2698044413437501,0.43524052915625,0.25390625,0.97372607125,0.072885914375,0.047123126625
173.0,0.34550583687499997,0.3522186990625,0.292090580625,0.7145664759375,0.0040681847675,1.8825750615625,0.338624671875,0.2890625,0.972742466875,0.072601639375,0.0467801330625
174.0,0.3467397909375,0.3544495928125,0.2932788978125,0.717216063125,0.003567063634375,1.50777811578125,0.28889995046875,0.2734375,0.9692788903125,0.072250329375,0.0489380409375
175.0,0.3480768271875,0.354516744375,0.29454165718750003,0.7195405871875,0.0010924030687499999,1.337295296875,0.08278592968750001,0.3125,0.9639743328125,0.07171653,0.05435818959375
176.0,0.3496306128125,0.3541185959375,0.2959795265625,0.7216473975,0.000721536655625,0.6976228626250001,0.05552994293750001,0.265625,0.957058933125,0.071556329375,0.0568468856875
177.0,0.35101185,0.353637039375,0.2972399484375,0.7240555478125,6.955871874999827e-06,0.9428626638125,-0.005653705250000016,0.3203125,0.9514955975,0.07196207343749998,0.05825464178125
178.0,0.35209514875,0.3550677428125,0.29824487875,0.7271874190625,0.0015180243800000002,0.4198087283125001,0.13080187237500002,0.33203125,0.9478029775,0.0720326834375,0.05411448075
179.0,0.35224702343750003,0.354291845,0.298325639375,0.7306306953125,-0.0013950185250000001,-0.05165488437499998,-0.12767558875,0.40234375,0.9501015134375,0.072568430625,0.04967550465625
180.0,0.3520621915625,0.35565000375,0.29813364062500003,0.733770760625,0.0014289894581250003,0.1462466548437499,0.11212122234375001,0.38671875,0.9551330159375,0.0714987084375,0.04702097246875
181.0,0.34848745875,0.3522059203125,0.294803133125,0.71583075890625,0.0008699743437500002,0.33217990437499995,0.0699906334375,0.35546875,0.9726713690625,0.12476595687499999,0.04441750121875
182.0,0.34865724625,0.35398392375,0.29495593875,0.717703629375,0.001742984421875,0.27655134281249993,0.1411958403125,0.30859375,0.9742159003124999,0.123035525625,0.04874874021875
183.0,0.3492197321875,0.3563854584375,0.2955142596875,0.7191747178125,0.0024464796718749997,0.933923565,0.2001646940625,0.3125,0.9741828671875,0.1216813903125,0.04904218565625
184.0,0.3509091290625,0.3593961290625,0.297206018125,0.721054440625,0.00320655164375,0.89007996859375,0.26807794796875,0.3359375,0.9748104071875,0.12101035906249999,0.0479379700625
185.0,0.3521615715625,0.3627513565625,0.2984014053125,0.7225838089375,0.003611585903125,0.8193883706249999,0.309506844375,0.32421875,0.975008585,0.1208797915625,0.04706363646875
186.0,0.3537314525,0.3653272325,0.299928725,0.7235111176875,0.0035383667843749997,1.46249325040625,0.29772298259375,0.3046875,0.9734435925,0.120782,0.049440342906250004
187.0,0.3559982303125,0.370545210625,0.3021815726875,0.72435795125,0.00613385558125,2.677434148125,0.5112397590625,0.3671875,0.9696880778125,0.1207068346875,0.0511023074375
188.0,0.35362987875,0.368978071875,0.2997261015625,0.7103993978125,0.00511637976375,1.7506712674375,0.42564355118749997,0.33984375,0.9638100965625,0.18263465750000002,0.05212254775
189.0,0.356931348125,0.3718430028125,0.3029565826875,0.7111406496875,0.0029692923687500003,1.0969538628125,0.2541252784375,0.32421875,0.9586244806249999,0.18264234125,0.05416437484375
190.0,0.3601673634375,0.372730010625,0.3060559934375,0.7121366871875,0.00125414619375,0.8299953494375,0.1059009313125,0.34765625,0.9547238678125,0.18282086625,0.053525432125
191.0,0.362579014375,0.3749002925,0.3084074075,0.7133414771875,0.002613920209375,0.74163018,0.2269371221875,0.36328125,0.9557281734375,0.1835783875,0.0515140881875
192.0,0.3643387784375,0.375263099375,0.3101813276875,0.7141684546875,1.911203287500025e-05,0.7303783540250001,0.005812178087500008,0.31640625,0.9548394915625,0.18419933875,0.05065545075
193.0,0.3660017865625,0.37722679,0.3119347759375,0.7149553775,0.0018475412159375,0.82674886546875,0.15741452890625002,0.29296875,0.9528421031250001,0.18427534906249998,0.05194581259375
194.0,0.367376359375,0.3800741984375,0.313319482,0.7160193046875,0.00321745139375,1.2925984290625,0.26897187031249997,0.38671875,0.9528749509375,0.1843418975,0.051273664390625
195.0,0.36873600875,0.38226008437500003,0.3146188815625,0.7173656440625,0.0029497916950625,1.7469211366250001,0.25221695475,0.39453125,0.9525966940625,0.183787254375,0.053297844125
196.0,0.3693246125,0.3850286084375,0.31507990375,0.717797335,0.003983531046875,1.4959661609375,0.33618222875,0.3125,0.9533636659375,0.1833914890625,0.055954591625
197.0,0.3696818321875,0.383136696875,0.3152795240625,0.71915219125,-0.00141910864375,-0.030127165812499968,-0.11826397237499997,0.32421875,0.9573949628125,0.1834197846875,0.05252907978125
198.0,0.3704213571875,0.3832130696875,0.31589794875,0.7208573715625,0.0008965967466562499,0.091456103353125,0.06882099272812502,0.33984375,0.9626494034375,0.1839565175,0.0513742394375
199.0,0.3708365671875,0.3843062384375,0.3162484203125,0.722533279375,0.00175911499875,-0.07106366162499994,0.14669314712499998,0.28125,0.965611646875,0.1838765790625,0.05038295775
200.0,0.3708697959375,0.384022790625,0.3162711925,0.72397398625,4.8666256250000004e-05,-0.056971690937499986,0.009690691875000004,0.3046875,0.9680874590625,0.18367966875,0.04732564984375
201.0,0.370971775,0.38263411875,0.316356856875,0.7251782590625,-0.001062195863125,0.17097049404687503,-0.08307044376562497,0.31640625,0.9684954109375,0.1833688890625,0.04646946615625
202.0,0.36563742781249997,0.37741574906249997,0.31102981,0.7116302155,0.00194330550625,0.7601165653124999,0.1611757353125,0.3203125,0.9683313003125,0.18220949156250002,0.0446119068125
203.0,0.3651428178125,0.37859493875,0.31062193953125,0.7128208559375,0.0017461950625000003,0.9462916153125001,0.1520269715625,0.38671875,0.968984694375,0.18162793,0.04717498090625
204.0,0.3651399353125,0.3820853165625,0.31075599075,0.7144975128125,0.004009153905625,1.58306227321875,0.33380991321875,0.33203125,0.96892497125,0.1821381,0.04914570253125
205.0,0.36539634375,0.38267893625,0.31106847625,0.716441689375,0.00153459205,1.172950058125,0.13069833937500003,0.34765625,0.9700886971875,0.18323822781250002,0.0498295043125
206.0,0.3598845340625,0.3757215778125,0.3054470265625,0.7033470889375,0.000524764225,0.4785069209375,0.05331698062499999,0.3359375,0.9743496712499999,0.2470810590625,0.04751809415625
207.0,0.359618455,0.3764235075,0.30517401875,0.70479791878125,0.00179014102375,0.9277899640625,0.1552149053125,0.2890625,0.9754541590625,0.24901603374999998,0.047687016625
208.0,0.3598158771875,0.3771699859375,0.30530799875,0.7068627459375,0.00234801929375,0.5328167865625001,0.20177903593750002,0.36328125,0.9766331415625,0.25040381968750003,0.04749618684375
209.0,0.359410348125,0.37662514874999997,0.3048058878125,0.7093129421875,0.0011818510125,0.7080136806249999,0.1091375821875,0.37890625,0.979473090625,0.2502423946875,0.04685451490625
210.0,0.3588653615625,0.3792434003125,0.304198913125,0.71182595375,0.004688865273875,1.1230095118125,0.3905535843125,0.31640625,0.9825215421875,0.248534018125,0.047440770625
211.0,0.359007066875,0.37909037624999997,0.304340889375,0.714702835,0.001409414434375,0.285895798125,0.11669767312499998,0.3203125,0.982581439375,0.2458243334375,0.04869771615625
212.0,0.35947365625,0.379365443125,0.3048381,0.717239665,0.0022830344093750002,0.8637796253125001,0.1890879425,0.390625,0.982847590625,0.243942916875,0.04964411440625
213.0,0.3600701484375,0.3806949746875,0.3054154026875,0.7191928021875,0.00423689645,1.6730316753125,0.3497116271875,0.3125,0.9824637240625,0.2438054509375,0.05020352809375
214.0,0.3608496475,0.3814805821875,0.3061825178125,0.7204001425,0.004584668053125,1.38782274125,0.3755555125,0.3203125,0.9813192215625,0.2440431384375,0.05063327653125
215.0,0.3615051278125,0.3818075584375,0.30677649,0.722124164375,0.0025314383125000003,1.0549849003124998,0.2041528034375,0.34375,0.9800695090625,0.2436460740625,0.05053458378125
216.0,0.36234113218749997,0.3798881928125,0.307432265,0.724178958125,-0.0010009169125000002,-0.7022956170000001,-0.0813430173125,0.359375,0.979734964375,0.243508049375,0.05231774753125
217.0,0.3636456171875,0.38061300625,0.3085537853125,0.7266431075,0.0019200390674999999,0.5440337420937501,0.16740197771875,0.37890625,0.978861379375,0.2437320296875,0.0515630156875
218.0,0.3654778596875,0.3810343878125,0.3102574246875,0.7293347084375,0.0021902437656249997,0.5074039740624999,0.1875629125,0.34375,0.9786165653125,0.24552683812499998,0.04943311415625
219.0,0.3673363028125,0.3821566240625,0.3120553096875,0.7319351590625,0.00244887655,0.48051534687499997,0.2100917271875,0.3515625,0.978380684375,0.24801555656250002,0.0485406781875
220.0,0.3683391428125,0.38208567875,0.3131049303125,0.7339345984375,0.000844423296875,0.17481210156250002,0.07152293625,0.375,0.9777177784375,0.24980400218749998,0.04768862184375
221.0,0.3691683378125,0.38708842875,0.3140033284375,0.7359330734375,0.0062837890518750005,1.97992918034375,0.52043224378125,0.39453125,0.9773851615625,0.25144339875,0.04607332378125
222.0,0.3700265215625,0.388120990625,0.314910070625,0.7376977046875,0.002512614415625,0.8940608931249999,0.2047566884375,0.39453125,0.976069029375,0.2531284084375,0.044356144234375
223.0,0.37168049000000003,0.3925358740625,0.316511564375,0.739174845625,0.0061759104140625,2.06575339925,0.508278194875,0.37890625,0.9770737803125,0.2537975496875,0.04787229240625
224.0,0.3736081678125,0.3942474765625,0.3183809934375,0.7407185003125,0.00308954994375,1.09378439075,0.2560511648125,0.2734375,0.9785127690625,0.25353656625,0.0504753563125
225.0,0.37549402249999997,0.397112895625,0.32023730875,0.742450336875,0.0040717150362500005,1.3066409233125,0.34208243768749996,0.28125,0.980008423125,0.252167525,0.04963094190625
226.0,0.3776687653125,0.3987271653125,0.3224067584375,0.743903391875,0.0028462390878125,1.04574304034375,0.23422606221875,0.3203125,0.9800343278125,0.251258845625,0.04855833696875
227.0,0.3796642053125,0.4015424625,0.3243437825,0.7452577890625,0.0048758726978125,1.69079809625,0.40376050281250003,0.359375,0.9790113475,0.2510189365625,0.047722402875
228.0,0.381091804375,0.4021664203125,0.3257583821875,0.7467194003125,0.00155718167125,0.610431722375,0.1221066383125,0.37109375,0.9758050671875,0.25051921374999997,0.04693633965625
229.0,0.38261615875,0.403205979375,0.32724884625,0.748510575625,0.002336925455625,0.6705347716250001,0.1895373775625,0.42578125,0.97139377125,0.24924924531249998,0.04794251040625
230.0,0.3845863528125,0.40444051875,0.3292058175,0.7505310378125,0.002229452845625,0.5841635201562501,0.17774060171875,0.35546875,0.966829538125,0.2480606440625,0.04829205728125
231.0,0.38684567375,0.4084000325,0.331476655,0.7520416121875,0.0048718156684375,1.267682421375,0.40970713678125,0.37109375,0.9622445271875,0.24643788187500001,0.048661549625
232.0,0.389112108125,0.4107320221875,0.333769426875,0.75330699,0.0029953079710625,0.8319282904374999,0.2524970341875,0.375,0.9588059759375,0.244870850625,0.047742266625
233.0,0.3918153746875,0.4128290078125,0.33645116,0.75431067125,0.00243652832415625,1.195874273603125,0.20319187516562498,0.33984375,0.956360105625,0.2442486678125,0.0478722616875
234.0,0.39432865375,0.4121471715625,0.33891722281250003,0.7549476709375,0.000492461468390625,0.501880056725,0.03437650141250002,0.3828125,0.9528376540625,0.24460208125,0.049883799625
235.0,0.3968948325,0.41482621375,0.3413775671875,0.75525086375,0.0036957053898125,1.86707502170625,0.30081234701875004,0.359375,0.948755939375,0.2455090428125,0.0498782496875
236.0,0.3990390959375,0.4133953290625,0.343434873125,0.7556770971875,-0.000699437020625,0.13306353103124988,-0.05463336271875001,0.3984375,0.9443032228125,0.24576256468750002,0.04747687871875
237.0,0.400703635,0.4149685034375,0.3449635125,0.756304155625,0.00230449006875,1.5331566724374999,0.193333329625,0.4140625,0.9409812659375,0.246516906875,0.04607564459375
238.0,0.4025908503125,0.4171031390625,0.3467390509375,0.7572168515625,0.0024541008774562503,0.7160614944375,0.192219769125,0.3828125,0.93946002125,0.24876342999999998,0.0460088135
239.0,0.40360162625,0.4199090884375,0.347672381875,0.7579227628125,0.0036381378071875,1.268814078125,0.3089928525,0.37890625,0.94149943625,0.25329518375,0.04627615153125
240.0,0.4034881259375,0.4194678621875,0.3475184065625,0.7578971915625,0.0003596391637500001,-0.13459282603125003,0.03734552740625001,0.40625,0.9421444940625,0.2579867478125,0.049014490031249996
241.0,0.4036102584375,0.422582504375,0.34762329625,0.75866973625,0.00440831733,2.01881040021875,0.37235654678125,0.453125,0.943355635,0.2621993734375,0.050216486656249996
242.0,0.40330732,0.4244052734375,0.347379454375,0.7601025003125,0.00337660701,1.1608417484375,0.288732190625,0.3125,0.9462499284375,0.264620405625,0.052095125875
243.0,0.40255344718749997,0.42517862156249997,0.346642445625,0.7613176246875,0.0037824859034375,1.065401359875,0.32814346706249997,0.33984375,0.950727994375,0.26629900125,0.0523545725625
244.0,0.4021119696875,0.4235126278125,0.3461497384375,0.7623794478125,0.0016036287703125,0.4635775785625,0.1383660954375,0.28125,0.9556482153125,0.26840301,0.04978101728125
245.0,0.4023543978125,0.42373389,0.3463639775,0.763389619375,0.0036898768596875,1.15840237775,0.3113618368125,0.3203125,0.959747000625,0.270377864375,0.048216120146875
246.0,0.40197949125,0.4219638203125,0.346015085,0.76452546125,0.0007816711400000001,0.5285681903749999,0.05894553724999999,0.34765625,0.9630831090625,0.2724436765625,0.04864966171875
247.0,0.40193861625,0.4230328709375,0.3459490359375,0.766098441875,0.003302077000625,1.0591571944375,0.2747775844375,0.328125,0.9640682128125,0.274553439375,0.05008186909375
248.0,0.4021265384375,0.4241939375,0.3460700446875,0.7692567853125,0.003378733170625,1.975735157625,0.2642268991875,0.41796875,0.9642956259375,0.2749567575,0.0512765948125
249.0,0.4023689309375,0.4242109940625,0.346266329375,0.772788513125,0.001718458655625,1.851818049625,0.138738245875,0.4140625,0.9634541884375,0.27535718046875,0.050657617937499996
250.0,0.40244225,0.4245761915625,0.3463188409375,0.77658022875,0.0023409214709375,1.9475356805,0.17710157237500002,0.36328125,0.963593771875,0.2753192078125,0.0511084415
251.0,0.4021448028125,0.4234995703125,0.3460781596875,0.7797477621875,0.0019967818928124997,1.11004713821875,0.17133300259375,0.34765625,0.96424293375,0.27691449340625,0.05051272625
252.0,0.402526154375,0.4201334453125,0.3465147015625,0.7826982040625,-0.0003832487365625001,0.7713659511875001,-0.043725229125000015,0.33984375,0.9650562165625,0.2806906803125,0.047121259474999996
253.0,0.4028127525,0.417302241875,0.3468548671875,0.785330923125,-0.0009297953546875,-0.045357621125000004,-0.07862918737499999,0.26953125,0.9659457265625,0.28472950937499997,0.044007769484375
254.0,0.402644250625,0.414117743125,0.3467221834375,0.7880835081249999,-0.0016151446784375,-0.61716343175,-0.141565382375,0.37109375,0.9660613978125,0.288032914375,0.0443752980625
255.0,0.400779590625,0.4110261421875,0.34488600375,0.7902672125,-0.0011534750521875001,-0.41394882903125,-0.08627454403125,0.33984375,0.966246764375,0.2916784803125,0.04510060796875
256.0,0.3976297915625,0.4098176328125,0.3417899165625,0.7924779159375,0.0003965191446875,0.30982033900000006,0.0323594665,0.37890625,0.966552688125,0.2946655921875,0.0462546904375
257.0,0.39470391875,0.40931582125,0.338917258125,0.7949763984375,0.0016598496034375,0.8610225421875001,0.13129615312499998,0.28515625,0.9663031371875,0.2977436221875,0.0474643375
258.0,0.39260308625,0.4104993153125,0.3369130634375,0.7975681840625,0.003210840469375,1.3252651234687498,0.25028051721875,0.3203125,0.9651139465625,0.30145611,0.04852356640625
259.0,0.3906985290625,0.4104605140625,0.3351154021875,0.7994832671875,0.001910530678125,0.16204299518750004,0.151242953,0.32421875,0.9634817409375,0.3051776271875,0.048558986125
260.0,0.389493050625,0.4093947928125,0.33403676759375,0.80157500125,0.0021397455560625,0.7922477033625,0.171883151175,0.3828125,0.9630928471875,0.30828142875,0.050225821375
261.0,0.3879428916875,0.409304403125,0.3325486756984375,0.8033461653125,0.003028590091875,0.53134069196875,0.24533175790625,0.39453125,0.9615040109375,0.3099316021875,0.05219271421875
262.0,0.386624179375,0.40663449375,0.331215075625,0.8044146375,0.001040355811875,0.5284681187687501,0.09093013158124999,0.40625,0.961696025,0.3112054515625,0.0502182503125
263.0,0.385308968125,0.406979583625,0.3298769908125,0.8057541218750001,0.0030215042935,1.936087386993625,0.245806172931125,0.37109375,0.9626570465625,0.3121491940625,0.04975079003125
264.0,0.3828072196875,0.40398943225,0.32729215031250003,0.80712718625,-0.00028547866678125,0.752082378253125,-0.03281103424687499,0.3046875,0.963890281875,0.3120519084375,0.04759105061875
265.0,0.3801011159375,0.40341793034375,0.324578186875,0.808526874375,0.0021772918212500003,1.0397253491968748,0.190610172478125,0.31640625,0.9628031990625,0.31147599,0.0467859036875
266.0,0.3778227778125,0.4001238528125,0.3223169078125,0.8097354690625,-0.0006124818184375,0.534350190765625,-0.05494334435937501,0.3125,0.96017779875,0.3120817278125,0.047566958125
267.0,0.3756686965625,0.3964971471875,0.3201456671875,0.8106926359375,-0.0006140664943750001,0.009784413250000012,-0.054339993312499994,0.37109375,0.9562498678125,0.3144445278125,0.0482157940625
268.0,0.3738049778125,0.391669989375,0.318226655625,0.8118313634375,-0.0015499794909375002,0.04067851140624999,-0.14344240203125003,0.3359375,0.9497828840625,0.31487940875,0.048595655
269.0,0.3714317165625,0.3892439215625,0.315823479375,0.81282516,0.0015467730375,0.81366154115625,0.12662643553125,0.33203125,0.94126031,0.31348448906250004,0.04941858075
270.0,0.3690583878125,0.3857517975,0.313459873125,0.81401870625,5.553508749999987e-05,0.69217106728125,-0.0015822304062500028,0.421875,0.9325773190625,0.31144668125,0.0487156691875
271.0,0.3672530378125,0.384284124375,0.3117234634375,0.8147834346875,0.001779790624375,0.8223470603749998,0.15012431475,0.3984375,0.9263194996875,0.3104684528125,0.048793152
272.0,0.3655936853125,0.38341344,0.31013882,0.8142756403125,0.0021104117009375,1.23855662909375,0.18936055096874999,0.40234375,0.922249776875,0.3110336815625,0.0503788333125
273.0,0.363796826875,0.3814245753125,0.308412333125,0.8130132040625,0.00144732431625,1.1164520470312502,0.11530076078124998,0.37890625,0.9176223837499999,0.31320068156249997,0.05168904965625
274.0,0.3627039459375,0.380650543125,0.307347468125,0.8119768125,0.0027158061440625,1.8747152134062501,0.21999129871874998,0.41015625,0.913648850625,0.3156515709375,0.050312656884375
275.0,0.3612710771875,0.381304769375,0.305848753125,0.811788525625,0.0032494960228125,1.2570096755937499,0.27878372309375,0.40625,0.9093261234375,0.3180972346875,0.0514628436875
276.0,0.36043144625,0.37876365031250003,0.304983675,0.8125275528125,0.0006913073528124999,0.31024102721875,0.06907128109374999,0.3828125,0.90528127625,0.32076333875,0.0524626204375
277.0,0.3594651290625,0.375907630625,0.3040734834375,0.813529341875,-0.00011963158875000007,0.45961162146875,-0.004378254468749995,0.37890625,0.8998517128125,0.3235380965625,0.0528783474375
278.0,0.3578637178125,0.3753627,0.3026041765625,0.81465557,0.0022576167003125,1.20893360109375,0.18947722203125,0.42578125,0.8928000553125,0.326010216875,0.054715429
279.0,0.3567342825,0.374201664375,0.3016261621875,0.81606842,0.001425514488,0.47282108812499996,0.1260667978125,0.36328125,0.8851094512500001,0.3286437975,0.0532002868125
280.0,0.3561643421875,0.376073168125,0.3011400353125,0.8169093240624999,0.0046410272925,2.145765859575,0.39510824582500004,0.359375,0.8798537215625,0.3317550515625,0.05462588684375
281.0,0.3566376990625,0.375324695625,0.30167577156250003,0.81670594,0.0017175655653124998,1.170632408415625,0.139758342790625,0.39453125,0.8758023873125,0.3345127425,0.05509739403125
282.0,0.357473575,0.3752762659375,0.3025913675,0.8161398128125,0.002890587156875,1.42157471634375,0.25139797634375,0.40234375,0.8731589275625,0.3361804159375,0.05481067434375
283.0,0.3584006371875,0.3741014171875,0.3035453975,0.8157834403124999,0.0015893649681875,0.940987294428125,0.145068809115625,0.37890625,0.87175428325,0.33580783196875,0.054478748625
284.0,0.359599730625,0.37394628625,0.3046561621875,0.815612405,0.0012477874227500001,1.3145321091937499,0.11889644294374999,0.34765625,0.870384186875,0.33385931765625,0.054321447328125
285.0,0.3612685375,0.3753986971875,0.30617575125,0.81633324,0.00304151903065625,1.5399312372368752,0.271544039736875,0.34765625,0.8727007484375,0.331753275,0.052109397640625
286.0,0.362658133125,0.3749557140625,0.307429021875,0.8176548928125,0.0002333882336562499,0.3683306673406249,0.03831764215312501,0.359375,0.87836853375,0.328813003125,0.0491643263125
287.0,0.36362129656250003,0.37551413625,0.3082952040625,0.818550615625,0.0004465591848437501,0.5821265843375001,0.051423987774999985,0.3515625,0.882559086875,0.3268313715625,0.04814212928125
288.0,0.3633603621875,0.3741706565625,0.307973685625,0.8192520715625,-0.00161666371021875,-0.34564129545937505,-0.115141885771875,0.3515625,0.8869645457812501,0.326681584375,0.046821539
289.0,0.3629222009375,0.3731238753125,0.3074941196875,0.8202345303125,-0.0006033827893750002,-0.001419786406250012,-0.030355888281250014,0.37890625,0.895095245625,0.3280060246875,0.04845060859375
290.0,0.36297844218750003,0.37179610625,0.3074988990625,0.8230149521875,7.275692187500027e-06,0.565830276521875,0.015141483615624982,0.3984375,0.9011108378125,0.3287145903125,0.050120292500000004
291.0,0.3616520578125,0.3724876325,0.3061267309375,0.8256355071875,0.00257778512,1.676943993375,0.22869248056250002,0.4296875,0.9063892171875,0.329645595,0.05238220675
292.0,0.359982878125,0.37397360343749997,0.3044090659375,0.82854662875,0.0032248070165625,0.9823573707312498,0.28292459760625,0.33203125,0.9148632953125,0.3292100446875,0.0542271331875
293.0,0.358751401875,0.3744132953125,0.30311352,0.8314305409375,0.002229147737625,1.3722144108749998,0.2056228235625,0.390625,0.9229792934375,0.328774824375,0.05403367040625
294.0,0.358110050625,0.37293385,0.3024508859375,0.833552375,0.0008011974340625,0.53206080140625,0.08158891453125,0.390625,0.92659056834375,0.32921991031250003,0.05123670090625
295.0,0.3577440659375,0.3729657046875,0.3021536021875,0.835347859375,0.0017556907283125,1.19567059903125,0.15756174746875,0.40625,0.930816555625,0.329642070625,0.05008264575
296.0,0.357173095625,0.3738370528125,0.3017069684375,0.8364757653125,0.0026758091209375,1.102750832125,0.24151001962500002,0.375,0.9351651875,0.3297593459375,0.051213812
297.0,0.35422680125,0.3685934234375,0.298932899375,0.8168762584375,1.4846113249999927e-05,-0.11971060290624999,4.702678125001469e-05,0.42578125,0.938760059375,0.329567986875,0.04985612909375
298.0,0.3535645278125,0.3709565046875,0.2982872716875,0.8176941371875001,0.0046610877936875,2.18526830690625,0.4031727055,0.41796875,0.939934435625,0.3291473240625,0.049752732
299.0,0.3522138259375,0.371461688125,0.296883916125,0.81872261765625,0.0028046254234375,1.37701507596875,0.233787607,0.38671875,0.9363284046875,0.3286133440625,0.051510413656250004
300.0,0.352086708125,0.370995904375,0.2966756975,0.8198956415624999,0.002839681073125,1.25096265878125,0.25863544534375,0.3671875,0.9354312834375,0.327317174375,0.051898967625
301.0,0.3528433609375,0.3702820325,0.2974615120625,0.8208785575,0.000910950358125,0.93753234165625,0.07981081728125,0.37109375,0.935771576875,0.32646117075000003,0.05131937559375
302.0,0.35317185875,0.369857830625,0.297858512,0.8212821564375,0.0011386367407187497,0.35351773243749995,0.1091001824375,0.3515625,0.9341397776875,0.32545203375,0.05259739734375
303.0,0.35288653125,0.370473668125,0.2976097725,0.8209467015624999,0.0024436194653125,0.973606739546875,0.207022365796875,0.359375,0.931395905,0.3235894209375,0.0490141515
304.0,0.35232483593749997,0.3686139559375,0.29705563265625,0.8211104503125,-0.0007440744000000001,-0.18638944453125,-0.06714231109375,0.38671875,0.930151475625,0.321788493125,0.04714659990625
305.0,0.35206659125,0.36996027875,0.29679189425,0.821295054375,0.0040692145412499995,0.9859900340625,0.33180961915625,0.359375,0.92760524125,0.3185277328125,0.048684191
306.0,0.352426499375,0.36895663562500003,0.29718397425,0.8223208453125,0.0006087649681250002,0.26662512628125,0.04657675034375,0.40625,0.923372954375,0.3153058415625,0.048701915375
307.0,0.3523402478125,0.371087785,0.2971184340625,0.8234799971875,0.0038848494225,1.4207129829062501,0.31025192540625,0.36328125,0.9203415890625,0.312466498125,0.05031884353125
308.0,0.35237463625,0.3715790253125,0.2971191115625,0.824293605625,0.0020932494140625,0.97598072321875,0.17829431103125,0.38671875,0.9180017825,0.3108084784375,0.0491759493125
309.0,0.35231405625,0.3735792971875,0.2969838621875,0.8243927878125,0.003626263481875,1.597254391375,0.301325798875,0.3359375,0.916549698125,0.30916417625,0.05049017803125
310.0,0.3522208159375,0.3730707821875,0.2967874065625,0.8240970984375,0.0008312424684375,0.55110899628125,0.06521455096875,0.37890625,0.914916558125,0.30816443625,0.049819750875
311.0,0.352824891875,0.373958005625,0.297320925625,0.823355396875,0.0026343608971875,1.02211822525,0.2151573386875,0.390625,0.9124056903125,0.307437548125,0.0503476345
312.0,0.354160369375,0.3728674996875,0.298647311875,0.8235317184375001,-0.00022849268749999997,0.24575138100000007,-0.02731611368750001,0.4296875,0.9100753346875,0.3069174721875,0.05033971621875
313.0,0.355833155625,0.3733658684375,0.300347210625,0.8234224353125,0.0018911587318749998,1.2319497778125,0.15883458418750002,0.39453125,0.90496725625,0.3052823771875,0.05072374578125
314.0,0.35721097687500003,0.3741473896875,0.301771508125,0.8239265221875001,0.0022171504915624997,0.521177657625,0.1835059823125,0.3671875,0.899825470625,0.30420577312499997,0.0522395625625
315.0,0.3586951796875,0.3726458365625,0.303281898125,0.8249132584375,-0.0006259675140625001,-0.023922711468749983,-0.061661718031250014,0.3828125,0.8956031787500001,0.303126246875,0.04946668175
316.0,0.3599391915625,0.3728217171875,0.3045439684375,0.826052504375,0.0004719139421875,0.8235369135,0.037546529437500004,0.375,0.89209148053125,0.3022254640625,0.04831417709375
317.0,0.360669569375,0.3732154334375,0.30525941218749997,0.8280277578125,0.0006856880375,0.10487478975000003,0.055958706937500005,0.359375,0.8890253339375,0.30101623,0.049850805375
318.0,0.360764499375,0.3745797628125,0.305295914375,0.8297918071875,0.001710788841875,1.02905465634375,0.14520811728125,0.36328125,0.8872365799999999,0.2990080578125,0.050694284625
319.0,0.3606220734375,0.37510043875,0.305107215,0.83162718375,0.0028159293796875,1.0318768648125,0.228730173875,0.37890625,0.8808648703125,0.29551855312499997,0.05312906240625
320.0,0.360355064375,0.3756536240625,0.3049502671875,0.833900140625,0.00178802246875,0.62672464975,0.1469786050625,0.4140625,0.8766714531249999,0.29026699625,0.05499621296875
321.0,0.3596038440625,0.37271103,0.3043743590625,0.8364524175,-0.002517779533125,-1.66120283984375,-0.21173694859375,0.3515625,0.87197507,0.28636547625000003,0.05344038134375
322.0,0.3586882128125,0.37282951125,0.3036535496875,0.83928497,9.548573906250003e-05,-0.061386704500000076,0.011339982687500014,0.4140625,0.8684632934375,0.28370958687500003,0.051673127468749996
323.0,0.3573915228125,0.3730398896875,0.302474938125,0.842452150625,0.0008851692459375001,-0.50405434890625,0.07280877453125001,0.390625,0.8675454340625,0.2821297975,0.05215273521875
324.0,0.3556942471875,0.37421483499999997,0.300913535,0.8450836671875,0.0025241670453125,0.7123031356874999,0.22160125662500002,0.41015625,0.86620570375,0.281604645,0.052927208125
325.0,0.3546618475,0.3715788203125,0.300011296875,0.8473289721874999,-0.0015379132634375,-1.1860128190625001,-0.12754148387500003,0.3671875,0.864632073125,0.2815877790625,0.053074779875
326.0,0.3466852796875,0.365919315,0.2920220240625,0.823668843625,0.00257812374625,1.53627083990625,0.206969997078125,0.3515625,0.8769886384375,0.2807821984375,0.053410733478125
327.0,0.34600089625,0.36453502312499997,0.2914255801875,0.8256642145312499,0.00044256261125000013,0.228131021875,0.044920158375000005,0.40625,0.8771598321875,0.285656196875,0.0561835634375
328.0,0.34540726906249997,0.3650914696875,0.29086089375,0.8278164329375,0.0034668617109375,1.5182274135,0.289225656125,0.34375,0.878841780125,0.29219613625,0.057430913968750004
329.0,0.3454379903125,0.3656932425,0.29092547125,0.8300365828125,0.0021895198290624997,1.055077148625,0.18338647987499998,0.4375,0.8820279184375,0.299344190625,0.0554508613125
330.0,0.339531124375,0.35901787125,0.2848964164375,0.821076335,0.0044508922178124995,1.99780440678125,0.37636177490625,0.390625,0.9191341603125001,0.33164558925,0.05134328465625
331.0,0.34232061,0.36183517125,0.28764994312500003,0.82343998921875,0.00342949777,1.4149498803125,0.29623597749999997,0.41015625,0.92490986,0.33733079703125,0.050389132093750004
332.0,0.3450564146875,0.364694254375,0.2903255978125,0.825248265,0.004218585828125,1.7696813203125,0.346701795,0.37109375,0.93135204946875,0.342937420625,0.05137934196875
333.0,0.346760381875,0.36441120875,0.291947341875,0.82606950825,-0.00047330045812499997,-0.7488024769999999,-0.033695574500000006,0.359375,0.93855202,0.3482751375,0.050441575093749996
334.0,0.348840468125,0.3666918646875,0.2939375265625,0.82718697375,0.0029615958075,1.307661622625,0.2468042285625,0.3359375,0.9460936946875,0.353541216875,0.04851279078125
335.0,0.3515558878125,0.3684671928125,0.2965841721875,0.829264076875,0.003412699696875,0.5836150243749999,0.2863419934375,0.328125,0.9541548403125,0.3589136840625,0.0471111155625
336.0,0.353841915,0.3706266278125,0.29887607875,0.832374160625,0.0035595373718749997,0.9062007856250001,0.291312538125,0.390625,0.9622954659375,0.3625838375,0.04706084503125
337.0,0.35613039,0.37355396,0.3011951401875,0.8355115131249999,0.003495004596875,0.8373506209374999,0.295986576875,0.390625,0.9690829190625,0.3649386784375,0.048110967875
338.0,0.3579027103125,0.37471407624999997,0.3029623809375,0.83831280875,0.0010949582124999998,0.7689094625,0.0726989753125,0.3828125,0.97384930125,0.3656649378125,0.04761839359375
339.0,0.359153484375,0.37799346,0.3042145696875,0.84137643,0.00343110901496875,1.2997535636375,0.2786797067625,0.296875,0.9766807628125,0.36517365343749997,0.04814677759375
340.0,0.36048840312499997,0.3778653959375,0.3055675075,0.84382692875,0.00025297165000000006,0.34907798312500005,0.025813484687499992,0.3203125,0.97791759375,0.3646420753125,0.04765477021875
341.0,0.36185167625000003,0.3780945171875,0.306932423125,0.8458195675,0.001630801009375,0.6604359959374999,0.135169944375,0.31640625,0.9782262490625,0.36471687625,0.048553937562499996
342.0,0.3627534959375,0.37723523999999997,0.3078253690625,0.846308590625,-0.00016714667500000003,0.42053519228124997,-0.015876432718750007,0.328125,0.9781525234375,0.366259298125,0.04960000396875
343.0,0.3632215346875,0.375682368125,0.3082242271875,0.8455174940625,-0.000892202940625,0.06138067062500007,-0.08035673874999999,0.375,0.978875636875,0.367760761875,0.050373365875
344.0,0.3629767578125,0.3737083684375,0.3080070028125,0.844515501875,-0.0017087415187500002,-0.44213497625000003,-0.14798089250000002,0.375,0.9786335596875,0.367694778125,0.05271449628125
345.0,0.36185753593750003,0.3734928034375,0.30697120625,0.8439982859375,7.283049375000016e-05,-0.40946484843750003,0.0158912765625,0.3515625,0.9789398328125,0.36737544437499997,0.05219931665625
346.0,0.3593216596875,0.37210987281249996,0.3045480934375,0.84388872875,0.0002454224625,0.29114052500000004,0.03054217406250001,0.328125,0.9791406178125001,0.3668116659375,0.05032757096875
347.0,0.3566989053125,0.371497106875,0.3019938675,0.84414812375,0.0005424704562500001,0.511513765,0.0543001075,0.34375,0.978791000625,0.36608210375,0.0488316561875
348.0,0.3542313671875,0.375651430625,0.2995992465625,0.844994461875,0.00593787471875,2.948849116875,0.486809345625,0.390625,0.977346944375,0.365006305625,0.050628286625000005
349.0,0.3523321815625,0.373066173125,0.297784061875,0.846021616875,5.706751124999991e-05,0.59743472546875,0.0020792485937499994,0.34375,0.9754493790625,0.363235461875,0.0532220790625
350.0,0.3514956090625,0.3726503821875,0.2970544553125,0.8473141378125,0.002903315409375,2.0931143040625,0.24244825,0.36328125,0.9733449884375,0.3613391421875,0.0567532828125
351.0,0.3512211678125,0.3707059428125,0.29686663375,0.8486198325,0.00114740801875,1.1872147265625,0.08551975468749999,0.36328125,0.971505098125,0.3587001746875,0.05687570946875
352.0,0.35138512625,0.3692919640625,0.2970679553125,0.850633471875,0.001470258559375,1.297082230625,0.1078774371875,0.359375,0.9708635265625,0.35454952625,0.054802398125
353.0,0.3517237603125,0.3665212359375,0.297440105625,0.8531298503125,-0.001090485778125,0.19401266750000004,-0.09969748218750002,0.35546875,0.9708812590625,0.349605934375,0.05151968190625
354.0,0.3516586290625,0.362378930625,0.297400771875,0.855865434375,-0.0033568737375,-0.4849706003125,-0.28931366000000003,0.32421875,0.97038427125,0.344655841875,0.049761873125
355.0,0.35076798875,0.3617943571875,0.296608623125,0.8577148840625,-0.00013076327812500002,-0.61474842575,-0.020218019812499995,0.3125,0.9704713415625,0.340969821875,0.05030861696875
356.0,0.3490532321875,0.3599663659375,0.2950661028125,0.8587388109375,-0.000845219084375,-0.7880573815624999,-0.06859367281249998,0.42578125,0.971244088125,0.3387641990625,0.04995613134375
357.0,0.347277021875,0.3604246871875,0.2934249003125,0.8590173890625,0.001529116953125,0.25921951625000006,0.12761145968749998,0.4375,0.970112309375,0.33720222759375,0.0507704165
358.0,0.346123756875,0.362357483125,0.2923949534375,0.8580604221875,0.0032650771406250003,1.6217650603125,0.280326241875,0.39453125,0.9683806571875,0.336372603875,0.0522871660625
359.0,0.345756320625,0.3638162559375,0.29204924,0.85594386,0.002876451284375,1.2575108446875,0.23303206625,0.43359375,0.966695983125,0.3359262415625,0.05490076815625
360.0,0.34602616125,0.36588807218749997,0.2922960325,0.8544136678125,0.0047144118015625,1.65835795834375,0.40109524771875,0.39453125,0.965498996875,0.33529208,0.055280038359375
361.0,0.347016091875,0.364883595,0.29330049625,0.8538542296875,0.0018274043406250001,0.6907149325,0.1583803165625,0.34765625,0.9633777203125,0.33433991375,0.05523707121875
362.0,0.3480534240625,0.36453869625,0.2943630053125,0.85324187375,0.00117070985625,1.0499986715625,0.10889928562500001,0.30859375,0.9620344440625,0.333464739375,0.052244944671875
363.0,0.3492187271875,0.3632700321875,0.2955048259375,0.853837858125,0.0006826961531249999,0.641960736875,0.057791944375,0.35546875,0.9611921103125,0.332697509375,0.0502579920625
364.0,0.3502476784375,0.365244460625,0.29648830625,0.8539934709375,0.0021829647825,0.15280215953125,0.19133394296875,0.35546875,0.9607439546875,0.3322242465625,0.049474038625
365.0,0.3509958725,0.363764228125,0.29719847125,0.85382802625,-0.001232709390625,-0.3567265765625,-0.11157660390625,0.35546875,0.960580944375,0.331503759375,0.04911440109375
366.0,0.3514433615625,0.363204996875,0.2976341765625,0.85342335875,0.0004139526218750001,0.44077213731250003,0.02661878906249998,0.36328125,0.9595417690625,0.329893998125,0.04908823525
367.0,0.351771425625,0.3644450971875,0.297912071875,0.853037021875,0.0023511543303125,1.6962923855625,0.1890526790625,0.453125,0.959120446875,0.3270487559375,0.048160975
368.0,0.351523805,0.3640565534375,0.297602466875,0.8535915659375,0.0012597037937499998,0.6701648954999999,0.0989144669375,0.39453125,0.95936107125,0.3244955596875,0.05010855253125
369.0,0.3510816059375,0.3671799384375,0.297067486875,0.8545327009375,0.003907414378125,1.6371740844375,0.34014058193749996,0.3828125,0.960660368125,0.3224820765625,0.051141920875
370.0,0.350716058125,0.3676658578125,0.2966264028125,0.855579011875,0.0011619022062500002,0.5306416890625,0.10568531312499999,0.36328125,0.9616817703125,0.32141306125,0.0518442479375
371.0,0.35050823375,0.3679134953125,0.29635840375,0.856554048125,0.0013973202831249999,0.48211033187499996,0.12875433656250002,0.36328125,0.9608728840625,0.3210336146875,0.05033641965625
372.0,0.3504798078125,0.36793858281249997,0.2962930128125,0.85735441375,0.0014570691875,1.0147036421875,0.1200321440625,0.43359375,0.9598763490625,0.3208583071875,0.05178664234375
373.0,0.35096068,0.368340735,0.2967412825,0.8587891453125001,0.0019194277490625,0.6807869506249999,0.17344283290625,0.375,0.9600982921875,0.32047011999999997,0.0517487004375
374.0,0.3513702309375,0.368322079375,0.2971419053125,0.8603369565625,0.0004298228487499999,0.16154389375000003,0.042436345624999997,0.36328125,0.9605642453125,0.320862119375,0.050428893125
375.0,0.345601395625,0.363145966875,0.29119780140625,0.83622301375,0.001530912646875,0.5117404384375001,0.136586774375,0.3515625,0.9748688046875,0.316857873125,0.04723983090625
376.0,0.3458392675,0.3655411653125,0.2913091771875,0.8368644446875,0.00315294415,1.4735793040624998,0.26397454656249997,0.3359375,0.9738610690625,0.318747140625,0.048012050625000004
377.0,0.3464840896875,0.3678366978125,0.291901390625,0.8371454996875,0.0034342,0.97880515703125,0.28566855265624996,0.30859375,0.97280807125,0.321716189375,0.05041632684375
378.0,0.3474197984375,0.3659134959375,0.292829758125,0.837585744375,-0.0006084690406249999,-0.29503841062499997,-0.055553797187500004,0.37890625,0.9705998756249999,0.3252299715625,0.052076950125
379.0,0.347976971875,0.36782629437500003,0.2934200764375,0.83735516890625,0.0027683931812500003,0.9462416662500002,0.2381631859375,0.375,0.9685802459375,0.32868771625,0.05261009771875
380.0,0.3481646015625,0.36847065218749997,0.29364702671875,0.836243363125,0.0018156556303125001,-0.4032481181249999,0.1515817425,0.34765625,0.9660155196875,0.331187301875,0.05458282415625
381.0,0.34817420718750003,0.3684062103125,0.2936337578125,0.8348601178125,0.00153711453125,0.30966650637499993,0.14394966606249998,0.30859375,0.9634128240625,0.33294712000000004,0.05334793484375
382.0,0.3484112928125,0.36841645125,0.2938038609375,0.834335630625,0.0021007395375,0.5715262281250001,0.190703518125,0.36328125,0.9619514396875,0.333639914375,0.050621704140625
383.0,0.348648633125,0.367584044375,0.2939658640625,0.83396803875,0.0017443311521875,0.42117441281250007,0.1610881003125,0.296875,0.9623537396875,0.3343456353125,0.0494261319375
384.0,0.3487025909375,0.366064796875,0.2939679446875,0.83399820625,0.00084915332771875,0.508977152678125,0.081529432053125,0.30078125,0.964424536875,0.334339955,0.0495744325
385.0,0.348402699375,0.367515053125,0.293651115,0.8348313578125,0.0038167494500000003,1.2058596985625,0.31798100825,0.33203125,0.96692813375,0.3341508128125,0.05016424328125
386.0,0.347816525625,0.36944355125,0.293086258125,0.8370606275,0.0050750815053125,1.4487462025125,0.4198146407625,0.3046875,0.9698624259375,0.33409432031249997,0.05278248090625
387.0,0.346952035,0.36761554625,0.292255144375,0.8401290196875,-0.00018204620937499992,0.3410387001875,-0.024320388874999994,0.37109375,0.9723693325,0.3338997715625,0.051269633437499997
388.0,0.3468711534375,0.369168236875,0.292143615625,0.84348748625,0.0033361343796875,1.1152137370625002,0.2855447170625,0.32421875,0.9759263865625,0.3339454621875,0.0522126995625
389.0,0.3468342678125,0.3680554265625,0.29210151625,0.8459821140625,0.0010284891209375,1.0356122169375,0.08335036662499999,0.36328125,0.9791945290625,0.3342249928125,0.05210586728125
390.0,0.3468074428125,0.368566396875,0.2920161528125,0.8483207065625,0.0035982323790625,1.22491169665625,0.31394028853125,0.40234375,0.9812581696875,0.33501831103125,0.05208549984375
391.0,0.3464050025,0.36817817937499997,0.2914682525,0.85030376875,0.002368505909375,1.2467587445000001,0.2055627966875,0.36328125,0.9824048475,0.33759630203125,0.05181912584375
392.0,0.345555905,0.3674426503125,0.290492075,0.851904981875,0.0019050965665625,0.9094025625,0.17608909718750002,0.40625,0.98265281125,0.340001969375,0.050902382843749996
393.0,0.344456254375,0.3663378453125,0.2893663915625,0.852542895625,0.002151442049375,0.7610347850000001,0.1719173721875,0.33984375,0.9829964609375,0.343393698125,0.048896533125
394.0,0.3432640059375,0.3642139978125,0.2882719046875,0.853226320625,0.000370599639375,-0.15949511037499997,0.016746593374999983,0.33203125,0.9835371103125,0.346947058125,0.04904525246875
395.0,0.341633000625,0.3646407434375,0.2867407253125,0.853739821875,0.0027978908140625,0.68382768784375,0.24920764940625,0.328125,0.983719400625,0.351053365625,0.05033766678125
396.0,0.339615810625,0.3637826425,0.28476101203125,0.8540747178125,0.0021484187875,1.00240606390625,0.17115088671875,0.2734375,0.98275487625,0.3550749475,0.052792250062500004
397.0,0.3381816553125,0.3602079715625,0.2833145925,0.85473339375,-1.3710929999999919e-05,0.60648150421875,-0.010373073906249999,0.31640625,0.98098401625,0.35838273375,0.0546211155
398.0,0.3374512934375,0.36111495125,0.28254101793749997,0.85612101,0.0052242571078125,2.50222835603125,0.42503621259375,0.37109375,0.9778045603125,0.3597951103125,0.05536799428125
399.0,0.3370624746875,0.358570290625,0.28203973250000003,0.8581888065625,0.0016056915806250001,0.3877897142187499,0.12970638265625,0.34765625,0.9737370046875,0.3597555871875,0.0553294489375
400.0,0.33681273125,0.35929804375,0.282003135625,0.8376017965625,0.005759921954375,1.919634656125,0.49089486112499997,0.359375,0.9864993746875,0.3015221625,0.050101751875
401.0,0.336858049375,0.35901487875,0.2819352340625,0.83806843265625,0.002438945186875,0.28546574649999995,0.206433892125,0.359375,0.9846160121875,0.2993442278125,0.0510139849375
402.0,0.337229195625,0.361135798125,0.282263410875,0.8391716809375,0.005522698324375,2.0903072833125,0.45803493549999996,0.390625,0.9839495359375,0.2982504403125,0.050190423406250004
403.0,0.337867560625,0.3616891389375,0.2829438533125,0.8400318046874999,0.0029421166604374997,1.08174938403125,0.25184886715625,0.35546875,0.9837856390624999,0.2981219590625,0.04852682953125
404.0,0.3380332775,0.363074218125,0.28317184,0.841682011875,0.002767654343,0.50209730763125,0.22238826013125002,0.36328125,0.9840010671875,0.2987993346875,0.04731237359375
405.0,0.3385104671875,0.3594700584375,0.2837537160625,0.84460656125,-0.00219025672571875,-1.103006924059375,-0.173810316871875,0.359375,0.9828242865625,0.2998212334375,0.045975428375
406.0,0.3387261259375,0.3631670885625,0.28408163921875,0.8472576959375,0.005716538401439063,2.5178747154953127,0.46994428737031246,0.3515625,0.9799039215625001,0.30132352625000003,0.0497326396875
407.0,0.3380741409375,0.36194647,0.2835419071875,0.8494052684375,0.001630109879375,-0.10370814272812512,0.129063560084375,0.34375,0.97760813125,0.3025417471875,0.051929612625
408.0,0.33694218125000003,0.3610553190625,0.2825099359375,0.8505575493749999,0.002657649574375,0.95009147390625,0.23057477734375,0.390625,0.97663419625,0.303387894375,0.05109298609375
409.0,0.3364787365625,0.3605521190625,0.2821410905,0.8518750425,0.00333414253384375,1.1230038113124998,0.2766833150625,0.3515625,0.9763439259375,0.30411743,0.04930059946875
410.0,0.3360095196875,0.3608589371875,0.281739506375,0.8523140840625,0.0029377775234375,1.1451622629375,0.23556232325,0.33984375,0.974984973125,0.3058023325,0.04837220646875
411.0,0.3357942640625,0.3609668796875,0.28156374415625,0.8520899271875,0.002294814371875,0.7014281430624999,0.185558185875,0.359375,0.9724094690625,0.3067992496875,0.04806740965625
412.0,0.3361674384375,0.363288468875,0.2819072499375,0.8511810778125,0.0046391175603125,1.73763407903125,0.38711612309375,0.375,0.9687275290625,0.3068963721875,0.0517860208125
413.0,0.337428320625,0.3655315025,0.28313635396875,0.850184181875,0.00504708465953125,1.64272353821875,0.41200448509375,0.3359375,0.9646594196875,0.306879059375,0.05496417325
414.0,0.3389655196875,0.366287561875,0.284665267375,0.8489014453125,0.004716741663125,0.7995766429687501,0.39506133828125,0.3203125,0.96150497125,0.3073665759375,0.0542925933125
415.0,0.3405555384375,0.3662116221875,0.2862215559375,0.8475217728125,0.003365409989375,0.3378719345625,0.2841236825625,0.34375,0.9594854003125,0.30890999343750003,0.0534175504375
416.0,0.34258209875,0.36764708687500003,0.28824616771875,0.84689896,0.0045099419865625,0.94807254984375,0.39338758703125,0.30859375,0.957369214375,0.3103297928125,0.0519581623125
417.0,0.344667484375,0.36811913375,0.2903133931875,0.8474104315625001,0.0025549780521875,0.38958613164062506,0.227538721015625,0.328125,0.9572506496875,0.3114636125,0.0489661011875
418.0,0.3465179325,0.369652442375,0.292071532125,0.8486808346875,0.0043465517671875,1.52246770828125,0.37609835640625,0.35546875,0.95881013875,0.31306512625,0.0495125193125
419.0,0.3476634884375,0.36915187984375,0.29305673875,0.8510384703125,0.0019084426650000002,0.09598154790624992,0.17234567478124999,0.33984375,0.9618587625,0.3137738278125,0.04808901303125
420.0,0.34828857325,0.3700703984375,0.29350963790625,0.85371642125,0.0040974000615625,1.44893847203125,0.33702380203125,0.3359375,0.9661219978125,0.31510267,0.04774951740625
421.0,0.3481367946875,0.3715313534375,0.2931380640625,0.8560323521875,0.0041672081749375,0.8834323665406251,0.363062077790625,0.33203125,0.9691313396875,0.3177585575,0.04882607003125
422.0,0.34808504893750003,0.3710339578125,0.292940766875,0.85849029,0.0021368973309375,0.24611953846875007,0.15805387690625,0.34375,0.9690506465625,0.3197361746875,0.05123604896875
423.0,0.3474419179375,0.3694925403125,0.2922596614375,0.8605958696875,0.0006325127215625,-0.10581038849999998,0.05683704618750002,0.37890625,0.9668304559375,0.320942211875,0.05031809290625
424.0,0.346531095625,0.3703966541875,0.2914224303125,0.861851306875,0.0033465207196874997,1.31337232928125,0.26453812303125,0.37109375,0.9669635215625,0.3225408990625,0.05109855
425.0,0.345907599375,0.371857485625,0.29088874046875,0.863712085,0.0047781035565625,1.1070721730625,0.3955360880625,0.2734375,0.967816506875,0.32205636843749996,0.052409457015625
426.0,0.3452808315625,0.372475380625,0.2903297146875,0.86592831375,0.0040835184071875,0.8369642728125,0.328758183125,0.2734375,0.9698293071875,0.3223240084375,0.05215863934375
427.0,0.3450071284375,0.3713933340625,0.2901414248125,0.8679635725,0.0021518203290625,0.4722589042499999,0.1883075789375,0.25,0.9706619259375,0.32189572125,0.0512106309375
428.0,0.34508723825,0.3722014426875,0.29024103453125,0.8689977559375,0.0034048758159374998,0.8902090890625001,0.280439420625,0.34375,0.971143445625,0.3218648934375,0.051323604078125
429.0,0.345275545625,0.372670445625,0.2904711413125,0.8696536984375,0.0041623701581249995,1.384486215609375,0.354821456234375,0.30859375,0.971629673125,0.3210550559375,0.05242163509375
430.0,0.3449389471875,0.37051293625,0.290200073875,0.87049069125,0.000938398400625,0.14262641156250006,0.07954445093749998,0.375,0.9715151678125,0.3193822778125,0.052268313
431.0,0.344212821875,0.37048259921875,0.289594735625,0.8717819653125,0.0037013749209375,0.74181703809375,0.31144983009375,0.28515625,0.972163195625,0.3188525384375,0.052458056375
432.0,0.34121738671875,0.366534670625,0.2869540653125,0.845841651125,0.00349785615375,1.0328766884375,0.2943044375,0.296875,0.9875946978125,0.3063133128125,0.04709639871875
433.0,0.34132600859375,0.3677786148125,0.2871164881875,0.8471457451875,0.004189872701875,1.18312756203125,0.34383377609375,0.34765625,0.987055388125,0.3064932971875,0.046807097
434.0,0.3425515571875,0.370683604125,0.28834820821875,0.8490914609375,0.0059731647040625,2.0667495962499998,0.495696881875,0.30859375,0.98556617625,0.306303580625,0.04796633290625
435.0,0.3445623765625,0.3717723253125,0.29030991825,0.851078260625,0.004159083164375,1.9043520883125,0.3405767895625,0.32421875,0.98491311625,0.3057857934375,0.048227066515625
436.0,0.3465578465625,0.37361077896875,0.292139330875,0.8534034209375,0.0047556358346875,2.0689709544375,0.4016975238125,0.328125,0.9848195540625,0.3044982415625,0.049061231875
437.0,0.3483467671875,0.3739060440625,0.293779257,0.8554801335625,0.0032085009440625,1.520153930875,0.267661415875,0.3671875,0.9844092065625,0.3028554171875,0.050453306703125
438.0,0.3501562684375,0.37291808662500003,0.29552861634375,0.8570350671875,0.0007667456659375001,0.43291585959375,0.06473884428125,0.33984375,0.9848376990625,0.302029255625,0.0485404028125
439.0,0.3518779871875,0.37127298421875,0.297247732,0.85837682875,-0.0006984123225,-0.03797566078125001,-0.05867845203125001,0.28125,0.9845785921875,0.3023099021875,0.0477472471875
440.0,0.3530514425,0.3709392040625,0.2984623446875,0.8591767221875001,0.0015274767509375,0.12139262837500002,0.12786093462499998,0.3359375,0.9837521109375,0.3025463146875,0.0476838746875
441.0,0.354012185,0.373505321875,0.299353946875,0.8540330103125,0.001671739325,0.502343464625,0.13319440993749998,0.3515625,0.9835860159375,0.2408402215625,0.05013393196875
442.0,0.3540107640625,0.3723558846875,0.29942538875,0.854751940625,0.0017153668875,0.31039038140625,0.15054482140625,0.3671875,0.9807689003125,0.2408150478125,0.053114599
443.0,0.3533704865625,0.37473670593749997,0.29888009125,0.8552572805,0.004291034491875,1.40980264853125,0.36686765634375,0.38671875,0.9772324921875,0.239671418125,0.054344436125
444.0,0.352569549375,0.3759734071875,0.298116790625,0.8561995178125,0.0036629772790625,0.765026048375,0.3057472361875,0.359375,0.974103105,0.236932320625,0.054677842390625
445.0,0.3514304703125,0.37808041625,0.296950095,0.8570982866875,0.0065056528390625,1.90153797240625,0.54772667678125,0.33984375,0.9700486234375,0.232788994375,0.056339661484375
446.0,0.3508829021875,0.37734945000000003,0.29645602078125,0.858920511375,0.003324640450625,0.877463761125,0.26225174425,0.40234375,0.9671870581249999,0.2294758284375,0.0554374305
447.0,0.350657260625,0.37723362375,0.2962991946875,0.861463740625,0.0041225339134375,1.462337534625,0.3439269849375,0.3125,0.9658475634375,0.227468338125,0.05365368928125
448.0,0.3501430409375,0.3755823953125,0.295807434375,0.8632600790625,0.002206289980625,0.27164075231249996,0.191395957625,0.33203125,0.9653453037499999,0.2278003384375,0.05073270528125
449.0,0.3502056284375,0.37690204125,0.295833268125,0.8645089996875,0.004834679965,1.64888322321875,0.40127302009375,0.33984375,0.9663636434375,0.2297965078125,0.050936096875
450.0,0.350567405625,0.3766470909375,0.296211700625,0.8649613878125,0.003678764864375,1.636083837875,0.29955905912499997,0.39453125,0.96881898375,0.232884260625,0.04989410496875
451.0,0.35134634625,0.377222291875,0.297059029375,0.8654057434375,0.0041103777875,0.82691900575,0.34602893028125004,0.421875,0.971478254375,0.2357139153125,0.04992423728125
452.0,0.3521273678125,0.3772367634375,0.2979299815625,0.866543068125,0.0030356089253124998,1.5890575331562502,0.25240949721875,0.375,0.9731056321875,0.237406695625,0.05059955825
453.0,0.3534010084375,0.37805274375,0.2992530415625,0.867353414375,0.004416154796875,1.9888688374999999,0.371459101875,0.36328125,0.9746403371875,0.23888514093750002,0.0496763505
454.0,0.3552268896875,0.3794079134375,0.30112289125,0.8678474565625,0.0038998351487499997,1.604106818,0.337819849875,0.30859375,0.9760799915625,0.24028138375,0.048087484718750004
455.0,0.357391255,0.3797777053125,0.30333418375,0.8677202321875,0.00195367105,1.01750505053125,0.15856622178125,0.3359375,0.97593054875,0.2422713959375,0.0479208735
456.0,0.3596917996875,0.3808573434375,0.3056511384375,0.8679251556249999,0.0025554309718749998,1.4072193559375001,0.2209805875,0.359375,0.975411566875,0.24421454906249998,0.047763493625
457.0,0.3618356728125,0.3812246259375,0.3078063646875,0.8681692640625,0.001294655778125,0.38647531812499997,0.1065315171875,0.328125,0.976167819375,0.2459704690625,0.04742228646875
458.0,0.3626964790625,0.3813709815625,0.308691190625,0.867622344375,0.001271242546875,0.12354580512500007,0.1036563016875,0.30078125,0.976981013125,0.2473944403125,0.0486109880625
459.0,0.36307833875,0.380288944375,0.3090645790625,0.8667780884375,-0.00036048332187499984,-0.5180791346875,-0.039223929374999994,0.33984375,0.975223584375,0.24862781625,0.049075156359375
460.0,0.3630620790625,0.380419225625,0.309053354375,0.8661693409375,0.0007737780812499999,-0.18946708062499992,0.05976147687500001,0.34765625,0.9745663059375,0.249495324375,0.05068166309375
461.0,0.362611081875,0.3824130434375,0.3085806815625,0.86638208875,0.0027864636749999998,1.2487603334375,0.23483422562499998,0.37109375,0.974605593125,0.2492735384375,0.050229443875
462.0,0.3620522246875,0.3828733796875,0.3080559828125,0.8669257984375,0.0016390126937499997,0.26411743281249994,0.1455263928125,0.38671875,0.9751202965625,0.24916923125,0.0511575934375
463.0,0.36149513499999997,0.3828199784375,0.30757847843749997,0.8679260200000001,0.0014212790125,0.9892369046875,0.12801788343749998,0.375,0.9732156146875,0.250223475625,0.051550253921875
464.0,0.36106974125,0.3834877996875,0.30711704,0.8683945659375,0.00360202640625,1.9289110090625,0.3185488196875,0.38671875,0.9697124346875,0.2513873446875,0.052192469
465.0,0.3608867275,0.3848646071875,0.30687301499999997,0.8684182428125,0.0046970239718750004,2.250377880625,0.3973702278125,0.359375,0.966421705,0.25271387031250003,0.05253961398125
466.0,0.36136338,0.3837335421875,0.3073839371875,0.8694072421875,0.0012922148625,0.499120281875,0.11101522,0.390625,0.9629871934375,0.255191223125,0.050480342375
467.0,0.3617693003125,0.38366763625,0.307783655625,0.8702740496875,0.00182993198875,0.2233344675625,0.161277457875,0.328125,0.9636330471875,0.2557948475,0.04950792740625
468.0,0.3622429659375,0.383697838125,0.3081700778125,0.871655681875,0.0018182937375,1.4916049171875,0.14030945843749998,0.3359375,0.965755668125,0.25431594343749997,0.04806164953125
469.0,0.362542385625,0.387671738125,0.3083798021875,0.8719780415625,0.007201615253125,2.4860756703125,0.605173710625,0.33203125,0.9689031112500001,0.2524921615625,0.0486601835625
470.0,0.3631884384375,0.386152535,0.30896079375,0.8722566059375,0.0009832151125000002,-0.290832033125,0.0846260353125,0.34765625,0.9711851828125,0.2504982146875,0.0475762119375
471.0,0.35799297812499997,0.382028996875,0.303552508125,0.8459507771875,0.0030302172812500003,1.5044648818750002,0.24713002093750003,0.390625,0.97773504125,0.31004576875,0.04804088
472.0,0.3574926434375,0.3843799265625,0.303002367625,0.8455516848125,0.004150974251875,1.3086398323125001,0.34679394543750003,0.3359375,0.9799065603125,0.310293935,0.05139600240625
473.0,0.35708903625,0.384380093125,0.30260078875,0.8458383703125,0.002621454671875,0.6302416606249999,0.2155600065625,0.33984375,0.982811776875,0.3110683009375,0.051838008984375
474.0,0.356783538125,0.38414539625,0.3023797101875,0.8468699209375,0.00327557707015625,1.02887171755,0.2769471322375,0.31640625,0.9854979803125,0.31102018875,0.050401248
475.0,0.35598891375,0.3820652615625,0.3016570945,0.8477370359375,0.0006155704825,0.312981462375,0.055873074812500007,0.296875,0.9878055246875,0.311605225,0.05026102753125
476.0,0.354882004375,0.3820640096875,0.3006693125,0.8486215353125,0.00295960146875,0.8160972805,0.24561645831249998,0.35546875,0.9885305234375,0.3113471175,0.051678746734374996
477.0,0.3529071021875,0.3816468184375,0.29880941375,0.8489575690625,0.0029846866875,0.59096366,0.25327169875,0.39453125,0.9870603421875,0.3105939790625,0.05318988746875
478.0,0.3506788603125,0.3796346465625,0.296585914875,0.849383443125,0.001318852359375,0.2848590256249999,0.1081001825,0.33203125,0.9834529603125,0.309240576875,0.05429130378125
479.0,0.3488873328125,0.3771913028125,0.29476063046875,0.8500669115625,0.002069387584375,0.45800209843749995,0.1617588446875,0.3125,0.979904335,0.30978402875,0.0535401270625
480.0,0.347843929375,0.375697821875,0.29362770125,0.8519728834375,0.003913481778125,1.2226456004375,0.330890101375,0.31640625,0.97718543875,0.3104089415625,0.0523798763125
481.0,0.34703862825,0.3747509946875,0.2927136654375,0.8548426265625,0.0040659173809375,1.68451242275,0.3420435743125,0.31640625,0.9754657246875,0.3111543625,0.05332401821875
482.0,0.3463239103125,0.37335629125,0.291928211328125,0.8578116690625,0.003610387990625,1.0578446234375,0.2947008678125,0.3515625,0.97451158125,0.312712895,0.0529918314375
483.0,0.3453012715,0.37111750875,0.29088855584375,0.8599657390625,0.00182202250625,0.466734589375,0.15141331624999999,0.30078125,0.9750813390625,0.3157671215625,0.05120134684375
484.0,0.3438099920625,0.36847676053125,0.2893811698125,0.861112831875,0.0012760289968749999,0.17469761296875005,0.11027230390625001,0.34375,0.9774852984375,0.3204250128125,0.049378529375
485.0,0.3422063179375,0.367188090478125,0.287762486875,0.861469330625,0.002128370265625,0.4736943346874999,0.160708670625,0.3671875,0.98024512875,0.3250341921875,0.0501668103125
486.0,0.34085276890625,0.3667613003125,0.28640392531250003,0.8617174328125,0.002592888846875,1.2926131650000001,0.2281421671875,0.33203125,0.9825946490625,0.3280568503125,0.05002058825
487.0,0.3395966065625,0.36667164859375,0.2851589853125,0.8623370925,0.002708942678125,1.1130648271874999,0.2149969996875,0.32421875,0.9839604678125,0.3292918575625,0.0497070630625
488.0,0.33874362,0.367154955625,0.28430182,0.863251493125,0.003068229718125,0.97345372996875,0.25196256965625,0.2578125,0.984456803125,0.32969320675,0.05050877534375
489.0,0.3382113184375,0.3642844259375,0.2837984084375,0.864292251875,4.974833437499992e-05,-0.05183765243750005,-0.008640588374999994,0.32421875,0.98433872375,0.32891489,0.048817438156250004
490.0,0.338127565,0.36449163125,0.2837666125,0.8651796065625,0.002930438165625,0.9167262820312501,0.24296104953124997,0.32421875,0.9835167384375,0.32721326171875,0.0494214938125
491.0,0.3385523096875,0.3600233409375,0.284209418125,0.8658249571875,-0.0019759006781249998,-0.8353124488124999,-0.171123676,0.28515625,0.981450809375,0.32521555871875,0.04738448315625
492.0,0.33911997875,0.36020635156249997,0.284692685,0.8663927740625,0.001515736846875,1.2130721011875,0.1175615843125,0.3359375,0.9783936534375,0.32182921999999997,0.0481593286875
493.0,0.3398827096875,0.3582459215625,0.2852779746875,0.8672520309375,0.000126197823125,0.104401806875,0.012449244374999984,0.33984375,0.974807155625,0.3179940609375,0.050132474834375
494.0,0.340281781875,0.3581523846875,0.2855470709375,0.86803742375,0.001910612785,1.407658820625,0.14799363375,0.3046875,0.9734270703125,0.3143333503125,0.050258573984375
495.0,0.3403052375,0.3561461990625,0.2855616040625,0.8683230275,-0.0007148162700000001,-0.49721209531249994,-0.060459225,0.35546875,0.975145355625,0.311883703125,0.04957638996875
496.0,0.33970951875,0.35419332125,0.2849892453125,0.8680634215625,-0.0018281034240625,0.1851382355312499,-0.15774652009375,0.36328125,0.9778157125,0.31020250625,0.04734756953125
497.0,0.338094018125,0.3562338115625,0.283405676875,0.8664584678125,0.0029981967840625,1.00337698190625,0.25025236409375,0.33984375,0.9820410665625,0.308961845625,0.049336995531250004
498.0,0.33608869,0.35389299375,0.2814262721875,0.864770518125,-0.001503369240625,-0.058172631062500015,-0.1430276448125,0.34765625,0.9858223215625,0.307831631875,0.0495855806875
499.0,0.334863506875,0.3545461546875,0.2802290484375,0.863811343125,0.00270838989375,1.343934061875,0.2136479440625,0.37109375,0.9880773253125,0.30698967375,0.04932532990625
