window,start,end,tag,n,mean,min,max,p05,median,p95,last
all,0,4336,Episode_Reward/action_rate,4337,-0.0017181667202527072,-0.001915740896947682,-3.612675573094748e-05,-0.0018157895654439926,-0.0017461793031543493,-0.0015440563904121519,-0.0017607235349714756
all,0,4336,Episode_Reward/approach,4337,6.42755346656199e-05,7.3158244049409404e-06,0.0010873009450733662,2.2246045773499645e-05,5.3306008339859545e-05,0.0001372470986098051,7.411026308545843e-05
all,0,4336,Episode_Reward/progress,4337,0.000110954710471987,0.0,0.05441299453377724,0.0,0.0,0.00014432057796511793,0.0
all,0,4336,Episode_Reward/backslide,4337,-5.215684171581175e-06,-0.002744191326200962,0.0,-1.1067792939911663e-07,0.0,0.0,0.0
all,0,4336,Episode_Reward/first_contact,4337,2.0419346241965575e-06,0.0,0.00045720901107415557,0.0,0.0,1.1111112144135404e-05,0.0
all,0,4336,Episode_Reward/contact,4337,1.4603671326342094e-07,0.0,5.5291213357122615e-05,0.0,0.0,3.8888888411747755e-07,0.0
all,0,4336,Episode_Reward/alignment,4337,-0.00374336628525938,-0.01889461651444435,-3.303484163552639e-06,-0.010219298861920833,-0.002379246288910508,-0.0007248164387419833,-0.00046367343747988343
all,0,4336,Episode_Reward/success,4337,0.0,0.0,0.0,0.0,0.0,0.0,0.0
all,0,4336,Episode_Reward/failure,4337,-0.018758513073324767,-0.11560838669538498,0.0,-0.054772491753101345,-0.012916667386889458,-0.002314814832061529,-0.011494709178805351
all,0,4336,Episode_Reward/roll,4337,-0.001371745960908033,-0.008930708281695843,-1.5036250999855838e-07,-0.0041779295541346075,-0.0007670379127375782,-0.00021720352233387536,-0.00015023625746835023
all,0,4336,Episode_Reward/action_excess,4337,-0.4543960795186833,-29.48639678955078,-1.1479223758215085e-05,-2.2649223327636716,-0.05016510933637619,-0.02828785702586175,-0.03893944248557091
all,0,4336,Metrics/target_position/goal_distance_m,4337,0.24956624657912052,0.23761892318725586,0.26305997371673584,0.24464612305164338,0.24957424402236938,0.25442829728126526,0.24732576310634613
all,0,4336,Metrics/target_position/side_contact,4337,9.352704417755012e-06,0.0,0.013888888992369175,0.0,0.0,0.0,0.0
all,0,4336,Metrics/target_position/contact_seen,4337,0.0010209672651941878,0.0,0.2286045253276825,0.0,0.0,0.0055555556900799274,0.0
all,0,4336,Metrics/target_position/push_seen,4337,0.0004908986867860506,0.0,0.15350529551506042,0.0,0.0,0.0,0.0
all,0,4336,Metrics/target_position/settled_time_s,4337,0.0,0.0,0.0,0.0,0.0,0.0,0.0
all,0,4336,Metrics/target_position/success,4337,0.0,0.0,0.0,0.0,0.0,0.0,0.0
all,0,4336,Metrics/target_position/failure,4337,0.0937925630824798,0.0,0.5780419111251831,0.011574074625968933,0.06458333879709244,0.27386243939399696,0.057473547756671906
all,0,4336,Metrics/target_position/raw_palm_contact,4337,0.0001573088115688043,0.0,0.18236331641674042,0.0,0.0,0.0,0.0
all,0,4336,Metrics/target_position/raw_contact_seen,4337,0.001991681269010761,0.0,0.30482804775238037,0.0,0.0,0.009259259328246117,0.0
all,0,4336,Metrics/target_position/raw_palm_force_peak_n,4337,0.004741591804691242,0.0,16.31659698486328,0.0,0.0,0.0,0.0
all,0,4336,Metrics/target_position/side_alignment_gate,4337,0.00010430056455525586,0.0,0.13367505371570587,0.0,0.0,0.0,0.0
all,0,4336,Metrics/target_position/side_gate_seen,4337,0.0010241696836844735,0.0,0.2286045253276825,0.0,0.0,0.0055555556900799274,0.0
all,0,4336,Metrics/target_position/grounded,4337,0.9978810450105533,0.9583333134651184,1.0,0.987500011920929,1.0,1.0,1.0
all,0,4336,Metrics/target_position/grounded_seen,4337,1.0,1.0,1.0,1.0,1.0,1.0,1.0
all,0,4336,Metrics/target_position/palm_normal_alignment_cos,4337,0.9340604113933263,0.7225799560546875,0.998221218585968,0.8285407662391663,0.9528894424438477,0.9879743218421936,0.9872544407844543
all,0,4336,Metrics/target_position/palm_force_alignment_cos,4337,-0.9997428988211986,-1.0,-0.6771095991134644,-1.0,-1.0,-1.0,-1.0
all,0,4336,Metrics/target_position/preferred_roll_cos,4337,0.9169684486480416,0.5734595060348511,0.9998912811279297,0.7549437642097473,0.9469885230064392,0.9907774686813354,0.9865866899490356
all,0,4336,Metrics/target_position/palm_height_error_m,4337,0.41502830858023676,-0.06170497462153435,0.6081497669219971,0.29606507420539857,0.42385369539260864,0.5147498369216919,0.342683345079422
all,0,4336,Metrics/target_position/approach_gap_m,4337,0.633846373595976,0.08138921111822128,0.9757906794548035,0.49563470482826233,0.6219965219497681,0.8150644421577453,0.5104732513427734
all,0,4336,Metrics/target_position/actual_forward_m,4337,0.0009275439345038405,-0.006026351358741522,0.025392793118953705,-0.0006663683918304741,0.00020894251065328717,0.0048093123361468235,-5.496453741216101e-05
all,0,4336,Metrics/target_position/best_forward_m,4337,0.0017507356214159354,0.00013323017628863454,0.025872739031910896,0.00019984793616458773,0.0007832989795133471,0.006507384870201349,0.00021306682901922613
all,0,4336,Metrics/target_position/actual_cube_displacement_m,4337,0.0031593708854380387,0.0005166635964997113,0.034819651395082474,0.0006019573309458792,0.001864164718426764,0.010260964557528493,0.0006722205434925854
all,0,4336,Metrics/target_position/input_action_clip_fraction,4337,0.8650432120538786,0.3025752305984497,0.9704819917678833,0.814447820186615,0.8627232313156128,0.9431906819343567,0.8368634581565857
all,0,4336,Metrics/target_position/input_action_clip_any,4337,0.9998216164367716,0.9179895520210266,1.0,1.0,1.0,1.0,1.0
all,0,4336,Metrics/target_position/invalid_input_action,4337,0.0,0.0,0.0,0.0,0.0,0.0,0.0
all,0,4336,Metrics/target_position/raw_contact_time_s,4337,0.0006104334202182394,0.0,0.1557091921567917,0.0,0.0,0.0018055553082376719,0.0
all,0,4336,Metrics/target_position/valid_push_contact_time_s,4337,0.0002920734350637417,0.0,0.11058243364095688,0.0,0.0,0.0007777776918374002,0.0
all,0,4336,Episode_Termination/time_out,4337,0.9048037425891262,0.0353190116584301,0.9868435263633728,0.7423665404319764,0.9350178837776184,0.9745687007904053,0.9675428867340088
all,0,4336,Episode_Termination/success,4337,0.0,0.0,0.0,0.0,0.0,0.0,0.0
all,0,4336,Episode_Termination/failure,4337,0.09390877386723001,0.013156467117369175,0.4187418520450592,0.02537434883415699,0.0648464635014534,0.255767148733139,0.0324571393430233
all,0,4336,Loss/value,4337,26.171712535868707,1.7189609934575856e-05,2679.378173828125,0.0007240347913466394,0.003594135632738471,112.39745330810499,0.0016877122689038515
all,0,4336,Loss/surrogate,4337,-0.0018936271995834805,-0.00888312142342329,0.019105296581983566,-0.004412166681140662,-0.002128183376044035,0.0012259610230103116,-0.0021615182049572468
all,0,4336,Loss/entropy,4337,25.79079450295492,11.396183013916016,33.14057159423828,23.17206687927246,24.973854064941406,31.685526275634764,24.28447723388672
all,0,4336,Loss/learning_rate,4337,0.005652354902186465,9.999999747378752e-06,0.009999999776482582,9.999999747378752e-06,0.009999999776482582,0.009999999776482582,0.009999999776482582
all,0,4336,Policy/mean_std,4337,6.5678834508909505,1.0074748992919922,15.262224197387695,4.389441585540771,5.497105598449707,12.703267860412597,5.058475017547607
all,0,4336,Perf/total_fps,4337,6714.8602720774725,3442.0,8155.0,6183.0,6708.0,7265.0,6689.0
all,0,4336,Perf/collection_time,4337,10.853335973384718,8.892924308776855,21.096845626831055,9.997042083740235,10.838075637817383,11.769398307800293,10.857800483703613
all,0,4336,Perf/learning_time,4337,0.15263936600433342,0.14000344276428223,0.3176248073577881,0.1437912940979004,0.14764142036437988,0.18152475357055664,0.1629624366760254
all,0,4336,Train/mean_reward,4337,-4.751599392503438,-267.6279602050781,-0.042359862476587296,-25.36538619995117,-0.680629312992096,-0.38912506699562094,-0.5150777101516724
all,0,4336,Train/mean_episode_length,4337,477.32252927625785,32.560001373291016,500.0,427.3420043945313,486.6000061035156,498.7699890136719,493.7799987792969
first_10,0,9,Episode_Reward/action_rate,10,-0.0003653303032479016,-0.0006858476554043591,-3.612675573094748e-05,-0.0006534294923767447,-0.0003695005871122703,-7.026165858405883e-05,-0.0006858476554043591
first_10,0,9,Episode_Reward/approach,10,0.0007959707523696125,0.0005930479383096099,0.0010873009450733662,0.0006123873987235129,0.0007419183384627104,0.0010594309074804186,0.0006360245170071721
first_10,0,9,Episode_Reward/progress,10,0.021969649521633983,0.00021850457414984703,0.05441299453377724,0.003452437068335712,0.01903390884399414,0.04708116948604582,0.0074050212278962135
first_10,0,9,Episode_Reward/backslide,10,-0.0004860724719264908,-0.002422022633254528,-1.6513172340637539e-07,-0.0016744760243454946,-0.00021045475295977667,-1.4303272416782454e-05,-0.000142685225000605
first_10,0,9,Episode_Reward/first_contact,10,0.0002039088612946216,3.0126662750262767e-05,0.00045720901107415557,6.122244631114881e-05,0.00019903000065824017,0.0003767080866964532,9.92284039966762e-05
first_10,0,9,Episode_Reward/contact,10,2.6885248882990708e-05,9.699375596028403e-07,5.5291213357122615e-05,5.531728760388432e-06,2.4586956897110213e-05,5.1022658772126294e-05,1.1107251339126378e-05
first_10,0,9,Episode_Reward/alignment,10,-0.001394504071799929,-0.004660662263631821,-3.303484163552639e-06,-0.003959819173905999,-0.0005060971307102591,-1.773564016502863e-05,-0.004660662263631821
first_10,0,9,Episode_Reward/success,10,0.0,0.0,0.0,0.0,0.0,0.0,0.0
first_10,0,9,Episode_Reward/failure,10,-0.06346995867788792,-0.11560838669538498,-0.03322531282901764,-0.09801913723349572,-0.06307072378695011,-0.03712114430963994,-0.06538139283657074
first_10,0,9,Episode_Reward/roll,10,-0.00048492278441045753,-0.0014450672315433621,-1.5036250999855838e-07,-0.0012825448531657458,-0.00015354731294792145,-5.79430484748401e-07,-0.0014450672315433621
first_10,0,9,Episode_Reward/action_excess,10,-0.00011769859047490172,-0.00023713272821623832,-1.1479223758215085e-05,-0.00022327422047965228,-0.00011402995733078569,-2.1209048281889432e-05,-0.00023713272821623832
first_10,0,9,Metrics/target_position/goal_distance_m,10,0.24423772245645523,0.23761892318725586,0.2541419267654419,0.23918571546673775,0.2438710555434227,0.2509970501065254,0.24505260586738586
first_10,0,9,Metrics/target_position/side_contact,10,0.004056267905980349,0.0,0.013888888992369175,0.0,0.0,0.012847222527489063,0.0
first_10,0,9,Metrics/target_position/contact_seen,10,0.10195442792028189,0.01506333239376545,0.2286045253276825,0.030611223820596934,0.09951499477028847,0.18835405632853497,0.04961420223116875
first_10,0,9,Metrics/target_position/push_seen,10,0.0685143992304802,0.0,0.15350529551506042,0.013680556789040565,0.0632109809666872,0.13091600947082038,0.030401237308979034
first_10,0,9,Metrics/target_position/settled_time_s,10,0.0,0.0,0.0,0.0,0.0,0.0,0.0
first_10,0,9,Metrics/target_position/success,10,0.0,0.0,0.0,0.0,0.0,0.0,0.0
first_10,0,9,Metrics/target_position/failure,10,0.3173497885465622,0.166126549243927,0.5780419111251831,0.18560571670532228,0.3153536021709442,0.4900956839323042,0.3269069790840149
first_10,0,9,Metrics/target_position/raw_palm_contact,10,0.044256746768951416,0.0,0.18236331641674042,0.0,0.017387459985911846,0.15319138988852493,0.0
first_10,0,9,Metrics/target_position/raw_contact_seen,10,0.16619189716875554,0.021767865866422653,0.30482804775238037,0.05511220823973417,0.17411264777183533,0.27133598774671547,0.09586640447378159
first_10,0,9,Metrics/target_position/raw_palm_force_peak_n,10,0.2771322540938854,0.0,1.0984394550323486,0.0,0.07310527935624123,0.9305406004190441,0.0
first_10,0,9,Metrics/target_position/side_alignment_gate,10,0.028307414054870604,0.0,0.13367505371570587,0.0,0.005547538865357637,0.11659141741693016,0.0
first_10,0,9,Metrics/target_position/side_gate_seen,10,0.10195442792028189,0.01506333239376545,0.2286045253276825,0.030611223820596934,0.09951499477028847,0.18835405632853497,0.04961420223116875
first_10,0,9,Metrics/target_position/grounded,10,0.9961265623569489,0.9861111044883728,1.0,0.989236119389534,0.9961420297622681,1.0,0.9969136118888855
first_10,0,9,Metrics/target_position/grounded_seen,10,1.0,1.0,1.0,1.0,1.0,1.0,1.0
first_10,0,9,Metrics/target_position/palm_normal_alignment_cos,10,0.9156579375267029,0.7897331714630127,0.998221218585968,0.7999413639307023,0.9497980773448944,0.996913668513298,0.8649632930755615
first_10,0,9,Metrics/target_position/palm_force_alignment_cos,10,-0.928202110528946,-1.0,-0.6771095991134644,-1.0,-0.9768279492855072,-0.7266324847936632,-1.0
first_10,0,9,Metrics/target_position/preferred_roll_cos,10,0.8841399192810059,0.6915848255157471,0.9998912811279297,0.7016452819108963,0.9389185309410095,0.9997231602668762,0.7928960919380188
first_10,0,9,Metrics/target_position/palm_height_error_m,10,0.25506833493709563,0.02989492192864418,0.4777986705303192,0.03616618812084198,0.2751820906996727,0.4701865613460541,0.4777986705303192
first_10,0,9,Metrics/target_position/approach_gap_m,10,0.3571436136960983,0.08138921111822128,0.6261425614356995,0.08187339343130588,0.36668573319911957,0.6228517591953278,0.6261425614356995
first_10,0,9,Metrics/target_position/actual_forward_m,10,0.00984521913123899,7.317329436773434e-05,0.01738104410469532,0.0010868616049265257,0.010451491922140121,0.01715991776436567,0.004766384605318308
first_10,0,9,Metrics/target_position/best_forward_m,10,0.011021177846123465,0.00025734517839737236,0.01916266418993473,0.001266354059043806,0.01140919653698802,0.018370086513459682,0.007226902525871992
first_10,0,9,Metrics/target_position/actual_cube_displacement_m,10,0.013946242904057726,0.0006105244974605739,0.02448938973248005,0.0017572168639162556,0.014765575062483549,0.022939019277691836,0.010569659061729908
first_10,0,9,Metrics/target_position/input_action_clip_fraction,10,0.3333325833082199,0.3025752305984497,0.3699156641960144,0.30357227474451065,0.33500781655311584,0.3629569679498672,0.35445189476013184
first_10,0,9,Metrics/target_position/input_action_clip_any,10,0.9525345206260681,0.9179895520210266,0.9851852059364319,0.9213376998901367,0.9493253529071808,0.9820602178573609,0.9689815640449524
first_10,0,9,Metrics/target_position/invalid_input_action,10,0.0,0.0,0.0,0.0,0.0,0.0,0.0
first_10,0,9,Metrics/target_position/raw_contact_time_s,10,0.09702323016244918,0.0037532274145632982,0.1557091921567917,0.02254294090671465,0.11692643538117409,0.15021978989243506,0.04550814628601074
first_10,0,9,Metrics/target_position/valid_push_contact_time_s,10,0.0537704991758801,0.00193987472448498,0.11058243364095688,0.011063457879936322,0.04917392320930958,0.10204532109200952,0.022214503958821297
first_10,0,9,Episode_Termination/time_out,10,0.2769043017178774,0.0353190116584301,0.4931098222732544,0.06456095557659865,0.2833387702703476,0.473627395927906,0.4931098222732544
first_10,0,9,Episode_Termination/success,10,0.0,0.0,0.0,0.0,0.0,0.0,0.0
first_10,0,9,Episode_Termination/failure,10,0.19924858873710036,0.014675564132630825,0.2934163510799408,0.06377224386669696,0.2124905064702034,0.28554280698299406,0.2934163510799408
first_10,0,9,Loss/value,10,0.02760782651603222,0.011561383493244648,0.07522528618574142,0.011670730449259282,0.016176600940525532,0.06719425618648527,0.014446623623371124
first_10,0,9,Loss/surrogate,10,-0.005137996724806726,-0.00888312142342329,-0.0026398927439004183,-0.008544873911887407,-0.004158401628956199,-0.0029592347680591053,-0.004067870322614908
first_10,0,9,Loss/entropy,10,11.637906932830811,11.396183013916016,12.035263061523438,11.422341203689575,11.556863784790039,11.984873151779174,12.035263061523438
first_10,0,9,Loss/learning_rate,10,0.009185416530817747,0.006666666828095913,0.009999999776482582,0.007083854265511036,0.009999999776482582,0.009999999776482582,0.009999999776482582
first_10,0,9,Policy/mean_std,10,1.0370134949684142,1.0074748992919922,1.0877187252044678,1.0097716212272645,1.0269027352333069,1.0816456139087678,1.0877187252044678
first_10,0,9,Perf/total_fps,10,6432.6,5639.0,6928.0,5855.9,6456.5,6843.4,6740.0
first_10,0,9,Perf/collection_time,10,11.336385917663574,10.494576454162598,12.920197486877441,10.623820304870605,11.264583587646484,12.4283052444458,10.789962768554688
first_10,0,9,Perf/learning_time,10,0.1613020896911621,0.1469423770904541,0.21779108047485352,0.1469494581222534,0.15173673629760742,0.19855502843856807,0.14858388900756836
first_10,0,9,Train/mean_reward,10,-0.5190245628356933,-1.3981283903121948,-0.1863163709640503,-1.0740417689085007,-0.37944184243679047,-0.22019686847925193,-0.6704162955284119
first_10,0,9,Train/mean_episode_length,10,179.58400192260743,32.560001373291016,334.3900146484375,46.622501373291016,180.78499603271484,314.43700256347654,334.3900146484375
iterations_10_49,10,49,Episode_Reward/action_rate,40,-0.001174662094854284,-0.0013623585691675544,-0.0007629786268807948,-0.0013364556536544115,-0.0012286595301702619,-0.0009116607951000336,-0.0013623585691675544
iterations_10_49,10,49,Episode_Reward/approach,40,0.00010841039456863655,1.0563845535216387e-05,0.000673320610076189,1.468359046157275e-05,3.058041420445079e-05,0.0006019686261424795,3.4481599868740886e-05
iterations_10_49,10,49,Episode_Reward/progress,40,0.0011134054009744431,0.0,0.018011972308158875,0.0,0.0,0.008021230762824412,0.0
iterations_10_49,10,49,Episode_Reward/backslide,40,-9.766361129095457e-05,-0.002744191326200962,0.0,-0.0002925163425970822,0.0,0.0,0.0
iterations_10_49,10,49,Episode_Reward/first_contact,40,1.714673153401236e-05,0.0,0.00018126163922715932,0.0,0.0,0.00011572531620913633,0.0
iterations_10_49,10,49,Episode_Reward/contact,40,1.364835111417051e-06,0.0,1.5665116734453477e-05,0.0,0.0,1.1614436198215112e-05,0.0
iterations_10_49,10,49,Episode_Reward/alignment,40,-0.002827066335157724,-0.008577484637498856,-0.00039870935142971575,-0.006787389283999801,-0.0017681759200058877,-0.000419329661235679,-0.0009585677180439234
iterations_10_49,10,49,Episode_Reward/success,40,0.0,0.0,0.0,0.0,0.0,0.0,0.0
iterations_10_49,10,49,Episode_Reward/failure,40,-0.015187040863384026,-0.08108025044202805,-0.0009259259677492082,-0.04696385003626346,-0.00891865137964487,-0.0013750000391155488,-0.007592592854052782
iterations_10_49,10,49,Episode_Reward/roll,40,-0.0007202827588116634,-0.0022156264167279005,-6.77336283843033e-05,-0.001649365306366235,-0.0006811836210545152,-8.30396984383697e-05,-0.00042925216257572174
iterations_10_49,10,49,Episode_Reward/action_excess,40,-0.0010419606704090256,-0.0021377322264015675,-0.00026870283181779087,-0.0020071517326869072,-0.000963155529461801,-0.00033482922008261096,-0.0021377322264015675
iterations_10_49,10,49,Metrics/target_position/goal_distance_m,40,0.24959367662668228,0.23827075958251953,0.25680306553840637,0.24461480751633644,0.2495116963982582,0.255490842461586,0.24789460003376007
iterations_10_49,10,49,Metrics/target_position/side_contact,40,0.0,0.0,0.0,0.0,0.0,0.0,0.0
iterations_10_49,10,49,Metrics/target_position/contact_seen,40,0.008573365514166653,0.0,0.09063082188367844,0.0,0.0,0.0578626509755849,0.0
iterations_10_49,10,49,Metrics/target_position/push_seen,40,0.00414244148414582,0.0,0.05972222611308098,0.0,0.0,0.03145542666316032,0.0
iterations_10_49,10,49,Metrics/target_position/settled_time_s,40,0.0,0.0,0.0,0.0,0.0,0.0,0.0
iterations_10_49,10,49,Metrics/target_position/success,40,0.0,0.0,0.0,0.0,0.0,0.0,0.0
iterations_10_49,10,49,Metrics/target_position/failure,40,0.07593520201044157,0.004629629664123058,0.40540122985839844,0.006875000055879355,0.04459325596690178,0.23481924980878788,0.037962961941957474
iterations_10_49,10,49,Metrics/target_position/raw_palm_contact,40,0.0,0.0,0.0,0.0,0.0,0.0,0.0
iterations_10_49,10,49,Metrics/target_position/raw_contact_seen,40,0.015140783437527717,0.0,0.16018517315387726,0.0,0.0,0.10621410757303235,0.0
iterations_10_49,10,49,Metrics/target_position/raw_palm_force_peak_n,40,0.0,0.0,0.0,0.0,0.0,0.0,0.0
iterations_10_49,10,49,Metrics/target_position/side_alignment_gate,40,0.0,0.0,0.0,0.0,0.0,0.0,0.0
iterations_10_49,10,49,Metrics/target_position/side_gate_seen,40,0.008573365514166653,0.0,0.09063082188367844,0.0,0.0,0.0578626509755849,0.0
iterations_10_49,10,49,Metrics/target_position/grounded,40,0.9988078713417053,0.9817129969596863,1.0,0.9906481802463531,1.0,1.0,1.0
iterations_10_49,10,49,Metrics/target_position/grounded_seen,40,1.0,1.0,1.0,1.0,1.0,1.0,1.0
iterations_10_49,10,49,Metrics/target_position/palm_normal_alignment_cos,40,0.958560585975647,0.8142415881156921,0.9954569339752197,0.8449960678815842,0.9760044813156128,0.9936786264181137,0.9420520067214966
iterations_10_49,10,49,Metrics/target_position/palm_force_alignment_cos,40,-1.0,-1.0,-1.0,-1.0,-1.0,-1.0,-1.0
iterations_10_49,10,49,Metrics/target_position/preferred_roll_cos,40,0.9555145740509033,0.776689350605011,0.9980787634849548,0.8196530997753143,0.9738370478153229,0.9972420930862427,0.9288672208786011
iterations_10_49,10,49,Metrics/target_position/palm_height_error_m,40,0.3319119402614888,-0.06170497462153435,0.6081497669219971,0.003408830927219242,0.4211914390325546,0.5731210350990296,0.2525152862071991
iterations_10_49,10,49,Metrics/target_position/approach_gap_m,40,0.7855314508080482,0.6239689588546753,0.9757906794548035,0.6561079055070878,0.777999997138977,0.931020238995552,0.837997317314148
iterations_10_49,10,49,Metrics/target_position/actual_forward_m,40,0.000891733511775783,-0.003238642355427146,0.008983299136161804,-0.0004399029465275814,0.00019819433509837836,0.0048191465204581565,0.0007531216833740473
iterations_10_49,10,49,Metrics/target_position/best_forward_m,40,0.0017847513721790166,0.00016547802079003304,0.010927091352641582,0.0001892007487185765,0.0008246928628068417,0.006147547322325401,0.0011603407328948379
iterations_10_49,10,49,Metrics/target_position/actual_cube_displacement_m,40,0.0029549315295298584,0.0005239609745331109,0.014940844848752022,0.0005971700040390715,0.001695069600827992,0.00911788982339203,0.002061842242255807
iterations_10_49,10,49,Metrics/target_position/input_action_clip_fraction,40,0.4941036328673363,0.3539556562900543,0.6398189663887024,0.3658566132187843,0.48505017161369324,0.5928090512752533,0.5924520492553711
iterations_10_49,10,49,Metrics/target_position/input_action_clip_any,40,0.9925251320004463,0.9199074506759644,1.0,0.9669985175132751,1.0,1.0,1.0
iterations_10_49,10,49,Metrics/target_position/invalid_input_action,40,0.0,0.0,0.0,0.0,0.0,0.0,0.0
iterations_10_49,10,49,Metrics/target_position/raw_contact_time_s,40,0.006934300303691998,0.0,0.07744906097650528,0.0,0.0,0.054637232422828655,0.0
iterations_10_49,10,49,Metrics/target_position/valid_push_contact_time_s,40,0.002729670301778242,0.0,0.03133023530244827,0.0,0.0,0.02322887247428297,0.0
iterations_10_49,10,49,Episode_Termination/time_out,40,0.8710252657532692,0.5328776240348816,0.9755588173866272,0.5939832776784897,0.9452311396598816,0.9746412754058837,0.9493408203125
iterations_10_49,10,49,Episode_Termination/success,40,0.0,0.0,0.0,0.0,0.0,0.0,0.0
iterations_10_49,10,49,Episode_Termination/failure,40,0.12034030575305224,0.0244411900639534,0.3468153178691864,0.0253587506711483,0.05476888082921505,0.3386915326118469,0.0506591796875
iterations_10_49,10,49,Loss/value,40,0.0028856577264377847,0.00017056040815077722,0.014355800114572048,0.0003443461042479612,0.00225918204523623,0.007830528728663915,0.000687991501763463
iterations_10_49,10,49,Loss/surrogate,40,-0.003853835444897413,-0.008410788141191006,0.003030776744708419,-0.006472927029244601,-0.004472960950806737,0.0013079003954771865,-0.0019046461675316095
iterations_10_49,10,49,Loss/entropy,40,14.159113931655884,12.1292085647583,15.974381446838379,12.366688537597657,14.14972734451294,15.745572471618653,15.974381446838379
iterations_10_49,10,49,Loss/learning_rate,40,0.003198034404704231,9.999999747378752e-06,0.009999999776482582,9.999999747378752e-06,0.0029192925430834293,0.006833333475515237,0.0008649755618534982
iterations_10_49,10,49,Policy/mean_std,40,1.4418683022260665,1.1026843786239624,1.7903319597244263,1.1369177281856537,1.4289193749427795,1.7394429206848143,1.7903319597244263
iterations_10_49,10,49,Perf/total_fps,40,6810.775,5810.0,7980.0,6133.6,6819.0,7594.1,6436.0
iterations_10_49,10,49,Perf/collection_time,40,10.720157575607299,9.07400894165039,12.543022155761719,9.562232255935669,10.660948276519775,11.874329805374144,11.310051918029785
iterations_10_49,10,49,Perf/learning_time,40,0.1529259741306305,0.14219260215759277,0.19134044647216797,0.14487898349761963,0.14802300930023193,0.18020803928375242,0.14464569091796875
iterations_10_49,10,49,Train/mean_reward,40,-0.192475563287735,-0.797843873500824,-0.042359862476587296,-0.49669069349765776,-0.14968423545360565,-0.05655181091278794,-0.08382537215948105
iterations_10_49,10,49,Train/mean_episode_length,40,480.0822471618652,361.70001220703125,500.0,426.06550750732424,490.04998779296875,499.8194976806641,495.9700012207031
iterations_50_99,50,99,Episode_Reward/action_rate,50,-0.0015144130541011691,-0.0015999960014596581,-0.0013467069948092103,-0.0015928430831991137,-0.0015349433524534106,-0.001375828607706353,-0.0015955594135448337
iterations_50_99,50,99,Episode_Reward/approach,50,4.924440539980424e-05,1.1057083611376584e-05,0.00015390693442896008,1.6666687679389723e-05,4.1352875996381044e-05,0.00011530409610713827,5.539432822843082e-05
iterations_50_99,50,99,Episode_Reward/progress,50,2.4008082691580056e-05,0.0,0.0006672438466921449,0.0,0.0,0.0,0.0
iterations_50_99,50,99,Episode_Reward/backslide,50,-5.131297583460537e-07,-2.5533518055453897e-05,0.0,-1.510455174269509e-08,0.0,0.0,0.0
iterations_50_99,50,99,Episode_Reward/first_contact,50,9.497355404164409e-07,0.0,2.962963299069088e-05,0.0,0.0,2.1825397425345615e-06,0.0
iterations_50_99,50,99,Episode_Reward/contact,50,3.7354493542807174e-08,0.0,1.3518516652766266e-06,0.0,0.0,1.3095237392235437e-07,0.0
iterations_50_99,50,99,Episode_Reward/alignment,50,-0.001975890759495087,-0.004667484201490879,-0.00026592184440232813,-0.004052361682988703,-0.0019013197743333876,-0.00042374660406494565,-0.00370938703417778
iterations_50_99,50,99,Episode_Reward/success,50,0.0,0.0,0.0,0.0,0.0,0.0,0.0
iterations_50_99,50,99,Episode_Reward/failure,50,-0.006902341258246451,-0.024212965741753578,0.0,-0.014047618815675377,-0.006226851837709546,-0.0011319445271510632,-0.01264550257474184
iterations_50_99,50,99,Episode_Reward/roll,50,-0.0007782338791002986,-0.002340126782655716,-8.323112706420943e-05,-0.0015557230566628278,-0.000700482924003154,-0.00012006985089101371,-0.001022947602905333
iterations_50_99,50,99,Episode_Reward/action_excess,50,-0.005239032292738557,-0.008336971513926983,-0.0021541540045291185,-0.008149664150550961,-0.005176901118829846,-0.0024048132705502216,-0.008291625417768955
iterations_50_99,50,99,Metrics/target_position/goal_distance_m,50,0.24935102432966233,0.24357149004936218,0.2545566260814667,0.2455685779452324,0.2490532025694847,0.2538671478629112,0.24678590893745422
iterations_50_99,50,99,Metrics/target_position/side_contact,50,0.0,0.0,0.0,0.0,0.0,0.0,0.0
iterations_50_99,50,99,Metrics/target_position/contact_seen,50,0.00047486774157732723,0.0,0.014814815483987331,0.0,0.0,0.0010912699042819384,0.0
iterations_50_99,50,99,Metrics/target_position/push_seen,50,0.0001507936557754874,0.0,0.0055555556900799274,0.0,0.0,0.0,0.0
iterations_50_99,50,99,Metrics/target_position/settled_time_s,50,0.0,0.0,0.0,0.0,0.0,0.0,0.0
iterations_50_99,50,99,Metrics/target_position/success,50,0.0,0.0,0.0,0.0,0.0,0.0,0.0
iterations_50_99,50,99,Metrics/target_position/failure,50,0.03451170522719622,0.0,0.12106481194496155,0.00565972242038697,0.03113425988703966,0.07023809961974618,0.06322751194238663
iterations_50_99,50,99,Metrics/target_position/raw_palm_contact,50,0.0,0.0,0.0,0.0,0.0,0.0,0.0
iterations_50_99,50,99,Metrics/target_position/raw_contact_seen,50,0.0011560846911743284,0.0,0.014814815483987331,0.0,0.0,0.0069444444961845875,0.0
iterations_50_99,50,99,Metrics/target_position/raw_palm_force_peak_n,50,0.0,0.0,0.0,0.0,0.0,0.0,0.0
iterations_50_99,50,99,Metrics/target_position/side_alignment_gate,50,0.0,0.0,0.0,0.0,0.0,0.0,0.0
iterations_50_99,50,99,Metrics/target_position/side_gate_seen,50,0.00047486774157732723,0.0,0.014814815483987331,0.0,0.0,0.0010912699042819384,0.0
iterations_50_99,50,99,Metrics/target_position/grounded,50,0.9989351868629456,0.9861111044883728,1.0,0.9907407760620117,1.0,1.0,1.0
iterations_50_99,50,99,Metrics/target_position/grounded_seen,50,1.0,1.0,1.0,1.0,1.0,1.0,1.0
iterations_50_99,50,99,Metrics/target_position/palm_normal_alignment_cos,50,0.9493750488758087,0.8758299946784973,0.9956332445144653,0.8844835579395294,0.9606919884681702,0.9911233723163605,0.9442325234413147
iterations_50_99,50,99,Metrics/target_position/palm_force_alignment_cos,50,-1.0,-1.0,-1.0,-1.0,-1.0,-1.0,-1.0
iterations_50_99,50,99,Metrics/target_position/preferred_roll_cos,50,0.9342557954788208,0.8072171807289124,0.9967625737190247,0.8503503978252411,0.9396125078201294,0.9959513306617737,0.8999858498573303
iterations_50_99,50,99,Metrics/target_position/palm_height_error_m,50,0.45028407335281373,0.3030788004398346,0.554386556148529,0.3363738477230072,0.45479995012283325,0.5333116590976715,0.4977908134460449
iterations_50_99,50,99,Metrics/target_position/approach_gap_m,50,0.721646294593811,0.5952231287956238,0.8269084095954895,0.6086225837469101,0.7163384258747101,0.8077393561601639,0.8254560828208923
iterations_50_99,50,99,Metrics/target_position/actual_forward_m,50,0.0003867758818614675,-0.0019227450247853994,0.006990252528339624,-0.00034343481092946604,0.00014458830992225558,0.0015269633324351136,2.624053377076052e-05
iterations_50_99,50,99,Metrics/target_position/best_forward_m,50,0.0006979116302682087,0.00017965368169825524,0.007158856373280287,0.0001869268759037368,0.0004073303862242028,0.0018335452477913333,0.0002089313347823918
iterations_50_99,50,99,Metrics/target_position/actual_cube_displacement_m,50,0.0012695210240781308,0.0005238734884187579,0.007942194119095802,0.0005322776094544678,0.0009307639847975224,0.0029271869105286894,0.0005611570668406785
iterations_50_99,50,99,Metrics/target_position/input_action_clip_fraction,50,0.680958343744278,0.5928874611854553,0.7694857716560364,0.6073575913906097,0.6864184141159058,0.7375895798206329,0.7064374089241028
iterations_50_99,50,99,Metrics/target_position/input_action_clip_any,50,1.0,1.0,1.0,1.0,1.0,1.0,1.0
iterations_50_99,50,99,Metrics/target_position/invalid_input_action,50,0.0,0.0,0.0,0.0,0.0,0.0,0.0
iterations_50_99,50,99,Metrics/target_position/raw_contact_time_s,50,0.00024349206942133605,0.0,0.0034391533117741346,0.0,0.0,0.0023888889001682386,0.0
iterations_50_99,50,99,Metrics/target_position/valid_push_contact_time_s,50,7.47090030927211e-05,0.0,0.002703704172745347,0.0,0.0,0.00026190472708549216,0.0
iterations_50_99,50,99,Episode_Termination/time_out,50,0.9702294981479644,0.9512261152267456,0.9830051064491272,0.9542894333600997,0.971259206533432,0.9817280977964401,0.9522297978401184
iterations_50_99,50,99,Episode_Termination/success,50,0.0,0.0,0.0,0.0,0.0,0.0,0.0
iterations_50_99,50,99,Episode_Termination/failure,50,0.02977050792425871,0.0169949010014534,0.0487738735973835,0.018271890934556723,0.02874077670276165,0.045710585080087185,0.0477701835334301
iterations_50_99,50,99,Loss/value,50,0.012310563545397599,1.7189609934575856e-05,0.27715709805488586,0.00025448394226259554,0.002065030043013394,0.05340658272616545,0.0028474475257098675
iterations_50_99,50,99,Loss/surrogate,50,-0.0026569892730913124,-0.0059477160684764385,0.004567365162074566,-0.005108777200803161,-0.00305662932805717,0.00022630486528214458,-0.0029467353597283363
iterations_50_99,50,99,Loss/entropy,50,18.186607971191407,16.106874465942383,19.60714340209961,16.467698097229004,18.372764587402344,19.433609676361083,19.60714340209961
iterations_50_99,50,99,Loss/learning_rate,50,0.003263445447155391,9.999999747378752e-06,0.009999999776482582,9.999999747378752e-06,0.0029192925430834293,0.009852612391114235,9.999999747378752e-06
iterations_50_99,50,99,Policy/mean_std,50,2.3767636966705323,1.837227702140808,2.81510853767395,1.8972597599029541,2.423322081565857,2.759728193283081,2.81510853767395
iterations_50_99,50,99,Perf/total_fps,50,6870.48,5807.0,7746.0,6101.4,6893.0,7549.35,6444.0
iterations_50_99,50,99,Perf/collection_time,50,10.629915447235108,9.37044906616211,12.548551559448242,9.618214893341065,10.548154830932617,11.935178852081298,11.239725112915039
iterations_50_99,50,99,Perf/learning_time,50,0.15199578762054444,0.14226460456848145,0.20007705688476562,0.14454371929168702,0.14737284183502197,0.17824584245681763,0.20007705688476562
iterations_50_99,50,99,Train/mean_reward,50,-0.16684822037816047,-0.3790004849433899,-0.06330863386392593,-0.2880633667111397,-0.16534774005413055,-0.07016749680042268,-0.2654156982898712
iterations_50_99,50,99,Train/mean_episode_length,50,493.65360168457033,453.3699951171875,500.0,486.00499114990237,494.6699981689453,499.8740005493164,492.0899963378906
first_100,0,99,Episode_Reward/action_rate,100,-0.0012636043953170883,-0.0015999960014596581,-3.612675573094748e-05,-0.0015850977681111545,-0.0013548728893510997,-0.00039738082705298455,-0.0015955594135448337
first_100,0,99,Episode_Reward/approach,100,0.00014758343576431798,1.0563845535216387e-05,0.0010873009450733662,1.6516758159923482e-05,3.904039112967439e-05,0.0007300782192032784,5.539432822843082e-05
first_100,0,99,Episode_Reward/progress,100,0.0026543311538989654,0.0,0.05441299453377724,0.0,0.0,0.01813808782026171,0.0
first_100,0,99,Episode_Reward/backslide,100,-8.792925658820394e-05,-0.002744191326200962,0.0,-0.0002925163425970822,0.0,0.0,0.0
first_100,0,99,Episode_Reward/first_contact,100,2.7724446513275326e-05,0.0,0.00045720901107415557,0.0,0.0,0.00018371862024650894,0.0
first_100,0,99,Episode_Reward/contact,100,3.2531361796372948e-06,0.0,5.5291213357122615e-05,0.0,0.0,1.8592030664876763e-05,0.0
first_100,0,99,Episode_Reward/alignment,100,-0.002258222320990626,-0.008577484637498856,-3.303484163552639e-06,-0.00563924266025424,-0.001772628165781498,-0.0003432535275351256,-0.00370938703417778
first_100,0,99,Episode_Reward/success,100,0.0,0.0,0.0,0.0,0.0,0.0,0.0
first_100,0,99,Episode_Reward/failure,100,-0.01587298284226563,-0.11560838669538498,0.0,-0.06545359343290329,-0.00844907434657216,-0.0011550926079507918,-0.01264550257474184
first_100,0,99,Episode_Reward/roll,100,-0.0007257223215158603,-0.002340126782655716,-1.5036250999855838e-07,-0.0015615430078469218,-0.0006811836210545152,-6.71758916723775e-05,-0.001022947602905333
first_100,0,99,Episode_Reward/action_excess,100,-0.003048070273580379,-0.008336971513926983,-1.1479223758215085e-05,-0.007875134889036416,-0.002145943115465343,-0.0001243422782863491,-0.008291625417768955
first_100,0,99,Metrics/target_position/goal_distance_m,100,0.2489367550611496,0.23761892318725586,0.25680306553840637,0.24230459108948707,0.24899840354919434,0.2541481047868729,0.24678590893745422
first_100,0,99,Metrics/target_position/side_contact,100,0.00040562679059803487,0.0,0.013888888992369175,0.0,0.0,0.0,0.0
first_100,0,99,Metrics/target_position/contact_seen,100,0.013862222868483513,0.0,0.2286045253276825,0.0,0.0,0.09185931198298924,0.0
first_100,0,99,Metrics/target_position/push_seen,100,0.008583813344594092,0.0,0.15350529551506042,0.0,0.0,0.06027778182178733,0.0
first_100,0,99,Metrics/target_position/settled_time_s,100,0.0,0.0,0.0,0.0,0.0,0.0,0.0
first_100,0,99,Metrics/target_position/success,100,0.0,0.0,0.0,0.0,0.0,0.0,0.0
first_100,0,99,Metrics/target_position/failure,100,0.07936491227243096,0.0,0.5780419111251831,0.005775463231839239,0.042245373129844666,0.3272679805755615,0.06322751194238663
first_100,0,99,Metrics/target_position/raw_palm_contact,100,0.004425674676895142,0.0,0.18236331641674042,0.0,0.0,0.017016523052006956,0.0
first_100,0,99,Metrics/target_position/raw_contact_seen,100,0.023253545437473804,0.0,0.30482804775238037,0.0,0.0,0.17173665314912795,0.0
first_100,0,99,Metrics/target_position/raw_palm_force_peak_n,100,0.02771322540938854,0.0,1.0984394550323486,0.0,0.0,0.059676105901598844,0.0
first_100,0,99,Metrics/target_position/side_alignment_gate,100,0.0028307414054870605,0.0,0.13367505371570587,0.0,0.0,0.0005547538865357323,0.0
first_100,0,99,Metrics/target_position/side_gate_seen,100,0.013862222868483513,0.0,0.2286045253276825,0.0,0.0,0.09185931198298924,0.0
first_100,0,99,Metrics/target_position/grounded,100,0.9986033982038498,0.9817129969596863,1.0,0.9906481802463531,1.0,1.0,1.0
first_100,0,99,Metrics/target_position/grounded_seen,100,1.0,1.0,1.0,1.0,1.0,1.0,1.0
first_100,0,99,Metrics/target_position/palm_normal_alignment_cos,100,0.9496775525808334,0.7897331714630127,0.998221218585968,0.8449960678815842,0.9666170179843903,0.9942115783691406,0.9442325234413147
first_100,0,99,Metrics/target_position/palm_force_alignment_cos,100,-0.9928202110528946,-1.0,-0.6771095991134644,-1.0,-1.0,-0.9819534629583359,-1.0
first_100,0,99,Metrics/target_position/preferred_roll_cos,100,0.9377477192878723,0.6915848255157471,0.9998912811279297,0.7956490576267242,0.9680817127227783,0.9972420930862427,0.8999858498573303
first_100,0,99,Metrics/target_position/palm_height_error_m,100,0.3834136462747119,-0.06170497462153435,0.6081497669219971,0.015758064249530437,0.4405294358730316,0.5548394560813904,0.4977908134460449
first_100,0,99,Metrics/target_position/approach_gap_m,100,0.7107500889897347,0.08138921111822128,0.9757906794548035,0.41225856989622117,0.7322996556758881,0.877900731563568,0.8254560828208923
first_100,0,99,Metrics/target_position/actual_forward_m,100,0.0015346032587649462,-0.003238642355427146,0.01738104410469532,-0.0003614467801526189,0.00021043462038505822,0.009242666419595473,2.624053377076052e-05
first_100,0,99,Metrics/target_position/best_forward_m,100,0.002164974148618057,0.00016547802079003304,0.01916266418993473,0.00018959813605761154,0.0006184613448567688,0.011019901325926179,0.0002089313347823918
first_100,0,99,Metrics/target_position/actual_cube_displacement_m,100,0.0032113574142567814,0.0005238734884187579,0.02448938973248005,0.0005529330199351534,0.0012844970333389938,0.014992941170930859,0.0005611570668406785
first_100,0,99,Metrics/target_position/input_action_clip_fraction,100,0.5714538833498954,0.3025752305984497,0.7694857716560364,0.33750441670417786,0.60279980301857,0.7302507013082504,0.7064374089241028
first_100,0,99,Metrics/target_position/input_action_clip_any,100,0.9922635048627854,0.9179895520210266,1.0,0.9420710861682892,1.0,1.0,1.0
first_100,0,99,Metrics/target_position/invalid_input_action,100,0.0,0.0,0.0,0.0,0.0,0.0,0.0
first_100,0,99,Metrics/target_position/raw_contact_time_s,100,0.012597789172432386,0.0,0.1557091921567917,0.0,0.0,0.11329201869666575,0.0
first_100,0,99,Metrics/target_position/valid_push_contact_time_s,100,0.006506272539845668,0.0,0.11058243364095688,0.0,0.0,0.037184054963290615,0.0
first_100,0,99,Episode_Termination/time_out,100,0.8612152855470776,0.0353190116584301,0.9830051064491272,0.30799697488546374,0.9607001543045044,0.9809224247932434,0.9522297978401184
first_100,0,99,Episode_Termination/success,100,0.0,0.0,0.0,0.0,0.0,0.0,0.0
first_100,0,99,Episode_Termination/failure,100,0.08294623513706029,0.014675564132630825,0.3468153178691864,0.018959553446620703,0.0375840924680233,0.29448446631431574,0.0477701835334301
first_100,0,99,Loss/value,100,0.010070327514877136,1.7189609934575856e-05,0.27715709805488586,0.00033117213606601584,0.002341621438972652,0.04376566186547275,0.0028474475257098675
first_100,0,99,Loss/surrogate,100,-0.0033838284869852943,-0.00888312142342329,0.004567365162074566,-0.006472927029244601,-0.003563236095942557,0.000578335952013729,-0.0029467353597283363
first_100,0,99,Loss/entropy,100,15.920740251541138,11.396183013916016,19.60714340209961,11.598502826690673,16.04062795639038,19.27949275970459,19.60714340209961
first_100,0,99,Loss/learning_rate,100,0.0038294781385411624,9.999999747378752e-06,0.009999999776482582,9.999999747378752e-06,0.0029411277500912547,0.009999999776482582,9.999999747378752e-06
first_100,0,99,Policy/mean_std,100,1.8688305187225343,1.0074748992919922,2.81510853767395,1.0325334966182709,1.8137798309326172,2.704304802417755,2.81510853767395
first_100,0,99,Perf/total_fps,100,6802.81,5639.0,7980.0,6064.7,6793.0,7558.849999999999,6444.0
first_100,0,99,Perf/collection_time,100,10.736659345626832,9.07400894165039,12.920197486877441,9.609246492385864,10.701955795288086,12.00811800956726,11.239725112915039
first_100,0,99,Perf/learning_time,100,0.15329849243164062,0.14219260215759277,0.21779108047485352,0.14487898349761963,0.147912859916687,0.18020803928375242,0.20007705688476562
first_100,0,99,Train/mean_reward,100,-0.21231679178774357,-1.3981283903121948,-0.042359862476587296,-0.6067485630512237,-0.17350490391254425,-0.06115062646567822,-0.2654156982898712
first_100,0,99,Train/mean_episode_length,100,456.818099899292,32.560001373291016,500.0,192.81349411010743,492.6000061035156,499.8194976806641,492.0899963378906
early_third,0,1445,Episode_Reward/action_rate,1446,-0.0016673743717411183,-0.001915740896947682,-3.612675573094748e-05,-0.001843816920882091,-0.0016925789532251656,-0.0014262062031775713,-0.0017566794995218515
early_third,0,1445,Episode_Reward/approach,1446,8.166806881561074e-05,1.0563845535216387e-05,0.0010873009450733662,2.597842012619367e-05,6.555107393069193e-05,0.0001665737472649198,6.49014109512791e-05
early_third,0,1445,Episode_Reward/progress,1446,0.0002759792871928896,0.0,0.05441299453377724,0.0,0.0,0.0006403746228897944,0.0
early_third,0,1445,Episode_Reward/backslide,1446,-1.306043875975632e-05,-0.002744191326200962,0.0,-1.2921727829962038e-05,0.0,0.0,0.0
early_third,0,1445,Episode_Reward/first_contact,1446,4.534966676441083e-06,0.0,0.00045720901107415557,0.0,0.0,1.8518519937060773e-05,0.0
early_third,0,1445,Episode_Reward/contact,1446,3.638473360646115e-07,0.0,5.5291213357122615e-05,0.0,0.0,1.2430554932052473e-06,0.0
early_third,0,1445,Episode_Reward/alignment,1446,-0.006988849967825554,-0.01889461651444435,-3.303484163552639e-06,-0.012060792651027441,-0.0068758034612983465,-0.0021817520610056818,-0.0034711244516074657
early_third,0,1445,Episode_Reward/success,1446,0.0,0.0,0.0,0.0,0.0,0.0,0.0
early_third,0,1445,Episode_Reward/failure,1446,-0.033142251963075055,-0.11560838669538498,0.0,-0.07141935639083385,-0.03035604301840067,-0.006747685605660081,-0.019457673653960228
early_third,0,1445,Episode_Reward/roll,1446,-0.0027565583502462835,-0.008930708281695843,-1.5036250999855838e-07,-0.005405457108281553,-0.0026602137368172407,-0.0006679768266621977,-0.0013307580957189202
early_third,0,1445,Episode_Reward/action_excess,1446,-1.2549596035741755,-29.48639678955078,-1.1479223758215085e-05,-6.122221112251282,-0.27502501010894775,-0.004878272768110037,-0.052093345671892166
early_third,0,1445,Metrics/target_position/goal_distance_m,1446,0.24886519117680164,0.23761892318725586,0.258331835269928,0.24353892728686333,0.24896857142448425,0.25378333777189255,0.25047117471694946
early_third,0,1445,Metrics/target_position/side_contact,1446,2.805164526957364e-05,0.0,0.013888888992369175,0.0,0.0,0.0,0.0
early_third,0,1445,Metrics/target_position/contact_seen,1446,0.002267483241835488,0.0,0.2286045253276825,0.0,0.0,0.009259259328246117,0.0
early_third,0,1445,Metrics/target_position/push_seen,1446,0.0011421406725653413,0.0,0.15350529551506042,0.0,0.0,0.0055555556900799274,0.0
early_third,0,1445,Metrics/target_position/settled_time_s,1446,0.0,0.0,0.0,0.0,0.0,0.0,0.0
early_third,0,1445,Metrics/target_position/success,1446,0.0,0.0,0.0,0.0,0.0,0.0,0.0
early_third,0,1445,Metrics/target_position/failure,1446,0.1657112559376421,0.0,0.5780419111251831,0.033738426864147186,0.15178020298480988,0.35709676891565323,0.09728836268186569
early_third,0,1445,Metrics/target_position/raw_palm_contact,1446,0.00040119772639774805,0.0,0.18236331641674042,0.0,0.0,0.0,0.0
early_third,0,1445,Metrics/target_position/raw_contact_seen,1446,0.0041066271444218415,0.0,0.30482804775238037,0.0,0.0,0.014814815483987331,0.0
early_third,0,1445,Metrics/target_position/raw_palm_force_peak_n,1446,0.013877640125685646,0.0,16.31659698486328,0.0,0.0,0.0,0.0
early_third,0,1445,Metrics/target_position/side_alignment_gate,1446,0.00025869829739272635,0.0,0.13367505371570587,0.0,0.0,0.0,0.0
early_third,0,1445,Metrics/target_position/side_gate_seen,1446,0.002267483241835488,0.0,0.2286045253276825,0.0,0.0,0.009259259328246117,0.0
early_third,0,1445,Metrics/target_position/grounded,1446,0.9954606128513895,0.9583333134651184,1.0,0.9819829910993576,1.0,1.0,1.0
early_third,0,1445,Metrics/target_position/grounded_seen,1446,1.0,1.0,1.0,1.0,1.0,1.0,1.0
early_third,0,1445,Metrics/target_position/palm_normal_alignment_cos,1446,0.8815208504885889,0.7225799560546875,0.998221218585968,0.8002603054046631,0.8823733329772949,0.9626811593770981,0.9521647691726685
early_third,0,1445,Metrics/target_position/palm_force_alignment_cos,1446,-0.9993517644095388,-1.0,-0.6771095991134644,-1.0,-1.0,-1.0,-1.0
early_third,0,1445,Metrics/target_position/preferred_roll_cos,1446,0.8409694277399309,0.5830431580543518,0.9998912811279297,0.7014236003160477,0.8453293740749359,0.9645546674728394,0.9382774829864502
early_third,0,1445,Metrics/target_position/palm_height_error_m,1446,0.43559137852730445,-0.06170497462153435,0.6081497669219971,0.32294659316539764,0.4469357877969742,0.5169980227947235,0.35559025406837463
early_third,0,1445,Metrics/target_position/approach_gap_m,1446,0.6979879707221668,0.08138921111822128,0.9757906794548035,0.5660087168216705,0.6987283229827881,0.8511130958795547,0.6488114595413208
early_third,0,1445,Metrics/target_position/actual_forward_m,1446,0.002284146799897452,-0.004562442656606436,0.025392793118953705,-0.00047465241368627176,0.0014786881511099637,0.007442379137501121,-0.0005899826646782458
early_third,0,1445,Metrics/target_position/best_forward_m,1446,0.0036206277549288715,0.00016547802079003304,0.025872739031910896,0.0003792699862970039,0.0028768988559022546,0.009011035785079002,0.00027822257834486663
early_third,0,1445,Metrics/target_position/actual_cube_displacement_m,1446,0.005937367829769195,0.0005238734884187579,0.034819651395082474,0.0010236248490400612,0.00504651665687561,0.01373912300914526,0.0016438895836472511
early_third,0,1445,Metrics/target_position/input_action_clip_fraction,1446,0.8874892447128335,0.3025752305984497,0.9704819917678833,0.6854754090309143,0.9205315709114075,0.9512318819761276,0.863938570022583
early_third,0,1445,Metrics/target_position/input_action_clip_any,1446,0.9994649726737749,0.9179895520210266,1.0,1.0,1.0,1.0,1.0
early_third,0,1445,Metrics/target_position/invalid_input_action,1446,0.0,0.0,0.0,0.0,0.0,0.0,0.0
early_third,0,1445,Metrics/target_position/raw_contact_time_s,1446,0.0014487674940697455,0.0,0.1557091921567917,0.0,0.0,0.003941239207051694,0.0
early_third,0,1445,Metrics/target_position/valid_push_contact_time_s,1446,0.0007276946944380438,0.0,0.11058243364095688,0.0,0.0,0.002486111014150083,0.0
early_third,0,1445,Episode_Termination/time_out,1446,0.8308865965407131,0.0353190116584301,0.9830051064491272,0.6460842490196228,0.8427191972732544,0.9558783918619156,0.9253200888633728
early_third,0,1445,Episode_Termination/success,1446,0.0,0.0,0.0,0.0,0.0,0.0,0.0
early_third,0,1445,Episode_Termination/failure,1446,0.1652518287230216,0.014675564132630825,0.4187418520450592,0.042717828415334225,0.1570977121591568,0.3476020023226738,0.0746799036860466
early_third,0,1445,Loss/value,1446,75.6578832577229,1.7189609934575856e-05,2679.378173828125,0.002073712181299925,0.6723677217960358,421.81046295166016,0.004514979664236307
early_third,0,1445,Loss/surrogate,1446,-0.0021690409588578257,-0.00888312142342329,0.019105296581983566,-0.0054038594244048,-0.0029628786724060774,0.00444106780923903,-0.0030605867505073547
early_third,0,1445,Loss/entropy,1446,28.103899839013444,11.396183013916016,33.14057159423828,18.08350658416748,29.5164852142334,32.56856918334961,25.444339752197266
early_third,0,1445,Loss/learning_rate,1446,0.001919326654394906,9.999999747378752e-06,0.009999999776482582,9.999999747378752e-06,9.999999747378752e-06,0.009999999776482582,0.009999999776482582
early_third,0,1445,Policy/mean_std,1446,9.113100666063291,1.0074748992919922,15.262224197387695,2.3368366360664368,9.679946899414062,14.189027547836304,5.833404541015625
early_third,0,1445,Perf/total_fps,1446,6631.112724757953,5639.0,7980.0,6120.0,6625.5,7127.0,6990.0
early_third,0,1445,Perf/collection_time,1446,10.990006551043455,9.07400894165039,12.920197486877441,10.19735860824585,10.973660469055176,11.8952956199646,10.405138969421387
early_third,0,1445,Perf/learning_time,1446,0.15232796639327686,0.14014387130737305,0.21779108047485352,0.14389115571975708,0.14749467372894287,0.18065941333770752,0.14200043678283691
early_third,0,1445,Train/mean_reward,1446,-12.870375257006037,-267.6279602050781,-0.042359862476587296,-57.48931312561035,-2.9595274925231934,-0.24566829204559326,-0.751419723033905
early_third,0,1445,Train/mean_episode_length,1446,455.8427869393123,32.560001373291016,500.0,400.5425033569336,462.5449981689453,493.92749786376953,480.1099853515625
middle_third,1446,2891,Episode_Reward/action_rate,1446,-0.0017540120713079135,-0.0018351144390180707,-0.0013974979519844055,-0.0018098764994647354,-0.0017618201673030853,-0.0016738152189645916,-0.001754733850248158
middle_third,1446,2891,Episode_Reward/approach,1446,5.5308300448577916e-05,9.324871825810988e-06,0.00027261197101324797,2.0515587493719067e-05,4.774120679940097e-05,0.00011124651791760698,3.506112625473179e-05
middle_third,1446,2891,Episode_Reward/progress,1446,3.229549301625161e-05,0.0,0.0087724719196558,0.0,0.0,0.0,0.0
middle_third,1446,2891,Episode_Reward/backslide,1446,-7.144654174709062e-07,-0.00031879887683317065,0.0,0.0,0.0,0.0,0.0
middle_third,1446,2891,Episode_Reward/first_contact,1446,7.518044681047823e-07,0.0,6.534392014145851e-05,0.0,0.0,0.0,0.0
middle_third,1446,2891,Episode_Reward/contact,1446,3.528167561333633e-08,0.0,5.6944431889860425e-06,0.0,0.0,0.0,0.0
middle_third,1446,2891,Episode_Reward/alignment,1446,-0.0019644416278176797,-0.01165846362709999,-0.00018635651213116944,-0.004272565944120288,-0.001655630418099463,-0.000583645305596292,-0.0037978754844516516
middle_third,1446,2891,Episode_Reward/success,1446,0.0,0.0,0.0,0.0,0.0,0.0,0.0
middle_third,1446,2891,Episode_Reward/failure,1446,-0.013841926479329874,-0.10781305283308029,0.0,-0.030720900278538465,-0.011545415502041578,-0.003122795489616692,-0.011626985855400562
middle_third,1446,2891,Episode_Reward/roll,1446,-0.0006426520638639356,-0.003889941843226552,-3.971429032390006e-05,-0.0014701592444907874,-0.000542921043233946,-0.00018215092859463766,-0.001561529585160315
middle_third,1446,2891,Episode_Reward/action_excess,1446,-0.05607870923172306,-0.3377474844455719,-0.035371486097574234,-0.0884795319288969,-0.051175396889448166,-0.038637145422399044,-0.038792457431554794
middle_third,1446,2891,Metrics/target_position/goal_distance_m,1446,0.24990373464458382,0.23904503881931305,0.2587448060512543,0.2452687807381153,0.24976781010627747,0.25491607189178467,0.2456774264574051
middle_third,1446,2891,Metrics/target_position/side_contact,1446,0.0,0.0,0.0,0.0,0.0,0.0,0.0
middle_third,1446,2891,Metrics/target_position/contact_seen,1446,0.00037590221419446117,0.0,0.03267195448279381,0.0,0.0,0.0,0.0
middle_third,1446,2891,Metrics/target_position/push_seen,1446,0.00017739665056263221,0.0,0.027116402983665466,0.0,0.0,0.0,0.0
middle_third,1446,2891,Metrics/target_position/settled_time_s,1446,0.0,0.0,0.0,0.0,0.0,0.0,0.0
middle_third,1446,2891,Metrics/target_position/success,1446,0.0,0.0,0.0,0.0,0.0,0.0,0.0
middle_third,1446,2891,Metrics/target_position/failure,1446,0.06920963059031993,0.0,0.5390652418136597,0.015613976866006851,0.05772707238793373,0.15360450372099876,0.05813492089509964
middle_third,1446,2891,Metrics/target_position/raw_palm_contact,1446,2.003337107186578e-05,0.0,0.013888888992369175,0.0,0.0,0.0,0.0
middle_third,1446,2891,Metrics/target_position/raw_contact_seen,1446,0.0009695001920352833,0.0,0.056084658950567245,0.0,0.0,0.0069444444961845875,0.0
middle_third,1446,2891,Metrics/target_position/raw_palm_force_peak_n,1446,0.00015328406326647946,0.0,0.09222574532032013,0.0,0.0,0.0,0.0
middle_third,1446,2891,Metrics/target_position/side_alignment_gate,1446,1.2349338305503501e-05,0.0,0.013888888992369175,0.0,0.0,0.0,0.0
middle_third,1446,2891,Metrics/target_position/side_gate_seen,1446,0.00037590221419446117,0.0,0.03267195448279381,0.0,0.0,0.0,0.0
middle_third,1446,2891,Metrics/target_position/grounded,1446,0.998993294862296,0.9722222089767456,1.0,0.9930555820465088,1.0,1.0,1.0
middle_third,1446,2891,Metrics/target_position/grounded_seen,1446,1.0,1.0,1.0,1.0,1.0,1.0,1.0
middle_third,1446,2891,Metrics/target_position/palm_normal_alignment_cos,1446,0.9627013697416456,0.7991849184036255,0.9967670440673828,0.9155259132385254,0.9687379002571106,0.9902509599924088,0.9501278400421143
middle_third,1446,2891,Metrics/target_position/palm_force_alignment_cos,1446,-0.999971689071563,-1.0,-0.9723785519599915,-1.0,-1.0,-1.0,-1.0
middle_third,1446,2891,Metrics/target_position/preferred_roll_cos,1446,0.9583867928876257,0.7854769825935364,0.9987953901290894,0.895919680595398,0.9662224650382996,0.9927111715078354,0.9057209491729736
middle_third,1446,2891,Metrics/target_position/palm_height_error_m,1446,0.37153936264054904,0.1543836146593094,0.568575382232666,0.24700355529785156,0.37248094379901886,0.4901133179664612,0.4522670805454254
middle_third,1446,2891,Metrics/target_position/approach_gap_m,1446,0.5803524711031471,0.4284326136112213,0.8594710230827332,0.4764758348464966,0.5707579553127289,0.7047216147184372,0.6582511067390442
middle_third,1446,2891,Metrics/target_position/actual_forward_m,1446,0.0002745933744019678,-0.006026351358741522,0.014914552681148052,-0.0007996564527275041,7.86481614341028e-05,0.0019433448323979974,0.00011877332872245461
middle_third,1446,2891,Metrics/target_position/best_forward_m,1446,0.0009514303576304413,0.00015021651051938534,0.01620769500732422,0.00021832830316270702,0.0006435385730583221,0.002592784760054201,0.0005959386471658945
middle_third,1446,2891,Metrics/target_position/actual_cube_displacement_m,1446,0.0020678743481668893,0.0005166635964997113,0.020411891862750053,0.0006912444659974426,0.0017081699916161597,0.004680645652115345,0.0013248092727735639
middle_third,1446,2891,Metrics/target_position/input_action_clip_fraction,1446,0.8640789418052341,0.8137152791023254,0.9090374112129211,0.837355300784111,0.8640866279602051,0.8899829536676407,0.862786591053009
middle_third,1446,2891,Metrics/target_position/input_action_clip_any,1446,1.0,1.0,1.0,1.0,1.0,1.0,1.0
middle_third,1446,2891,Metrics/target_position/invalid_input_action,1446,0.0,0.0,0.0,0.0,0.0,0.0,0.0
middle_third,1446,2891,Metrics/target_position/raw_contact_time_s,1446,0.00019870777458530067,0.0,0.017222214490175247,0.0,0.0,0.0008333332953043282,0.0
middle_third,1446,2891,Metrics/target_position/valid_push_contact_time_s,1446,7.056335171868665e-05,0.0,0.011388885788619518,0.0,0.0,0.0,0.0
middle_third,1446,2891,Episode_Termination/time_out,1446,0.9305933534192181,0.6431071162223816,0.9796820878982544,0.8745354413986206,0.9372016191482544,0.9685092717409134,0.9594862461090088
middle_third,1446,2891,Episode_Termination/success,1446,0.0,0.0,0.0,0.0,0.0,0.0,0.0
middle_third,1446,2891,Episode_Termination/failure,1446,0.06940665338214172,0.02031792514026165,0.3568929135799408,0.031490749679505825,0.0627983957529068,0.12546454928815365,0.0405137799680233
middle_third,1446,2891,Loss/value,1446,0.012899880289189637,0.00016285371384583414,1.758481740951538,0.0008816908084554598,0.002909910283051431,0.031104208901524544,0.0016707958420738578
middle_third,1446,2891,Loss/surrogate,1446,-0.0018728565653132446,-0.004062764812260866,0.018934741616249084,-0.0032158903195522726,-0.002100924262776971,-1.7539985265102587e-05,-0.0016403580084443092
middle_third,1446,2891,Loss/entropy,1446,25.252096008627905,23.801910400390625,26.493680953979492,24.259830474853516,25.272676467895508,26.25582981109619,24.2429141998291
middle_third,1446,2891,Loss/learning_rate,1446,0.007578464713150831,9.999999747378752e-06,0.009999999776482582,9.999999747378752e-06,0.009999999776482582,0.009999999776482582,0.009999999776482582
middle_third,1446,2891,Policy/mean_std,1446,5.707050348878072,4.738429069519043,6.659029960632324,5.0243589878082275,5.703122615814209,6.454210519790649,5.01070499420166
middle_third,1446,2891,Perf/total_fps,1446,6728.808437067773,3442.0,8155.0,6210.0,6726.0,7228.75,6569.0
middle_third,1446,2891,Perf/collection_time,1446,10.829102386907259,8.892924308776855,21.096845626831055,10.040871620178223,10.80921983718872,11.706601619720459,11.076457977294922
middle_third,1446,2891,Perf/learning_time,1446,0.1534776948134764,0.14024138450622559,0.3176248073577881,0.1437109112739563,0.14794135093688965,0.18412303924560547,0.14585542678833008
middle_third,1446,2891,Train/mean_reward,1446,-0.7416405013529261,-5.4507551193237305,-0.3799234926700592,-1.1085230112075806,-0.6862910389900208,-0.4966549724340439,-0.520913302898407
middle_third,1446,2891,Train/mean_episode_length,1446,485.5083262125651,398.0899963378906,500.0,464.50499725341797,488.2050018310547,497.8475036621094,495.8500061035156
late_third,2892,4336,Episode_Reward/action_rate,1445,-0.0017331240616519663,-0.0018140452448278666,-0.0013628087472170591,-0.0017925078049302102,-0.0017477816436439753,-0.0016222254605963826,-0.0017607235349714756
late_third,2892,4336,Episode_Reward/approach,1445,5.5844404075278015e-05,7.3158244049409404e-06,0.0004122959217056632,2.172343993152026e-05,4.9483180191600695e-05,0.0001077834764146246,7.411026308545843e-05
late_third,2892,4336,Episode_Reward/progress,1445,2.4529582792103396e-05,0.0,0.003624063916504383,0.0,0.0,0.0,0.0
late_third,2892,4336,Episode_Reward/backslide,1445,-1.8698344718871862e-06,-0.001623036339879036,0.0,0.0,0.0,0.0,0.0
late_third,2892,4336,Episode_Reward/first_contact,1445,8.382002699841861e-07,0.0,8.201058517443016e-05,0.0,0.0,6.049382955097798e-06,0.0
late_third,2892,4336,Episode_Reward/contact,1445,3.8907041202175835e-08,0.0,6.412035418179585e-06,0.0,0.0,5.5555556599529154e-08,0.0
late_third,2892,4336,Episode_Reward/alignment,1445,-0.002275792340394335,-0.011935639195144176,-0.00034693136694841087,-0.00587985310703516,-0.001763010979630053,-0.0007445179158821703,-0.00046367343747988343
late_third,2892,4336,Episode_Reward/success,1445,0.0,0.0,0.0,0.0,0.0,0.0,0.0
late_third,2892,4336,Episode_Reward/failure,1445,-0.009284809115080962,-0.06667027622461319,0.0,-0.02724338583648205,-0.006772486958652735,-0.0013888889225199819,-0.011494709178805351
late_third,2892,4336,Episode_Reward/roll,1445,-0.000715573684190147,-0.003977897111326456,-8.845551201375201e-05,-0.0018054625717923046,-0.0005492497584782541,-0.000231207994511351,-0.00015023625746835023
late_third,2892,4336,Episode_Reward/action_excess,1445,-0.05187155470948112,-2.8044590950012207,-0.02395462431013584,-0.08417986780405044,-0.03642209246754646,-0.02956347353756428,-0.03893944248557091
late_third,2892,4336,Metrics/target_position/goal_distance_m,1445,0.24993006551966948,0.24050161242485046,0.26305997371673584,0.24501829445362092,0.2499895691871643,0.25441562533378603,0.24732576310634613
late_third,2892,4336,Metrics/target_position/side_contact,1445,0.0,0.0,0.0,0.0,0.0,0.0,0.0
late_third,2892,4336,Metrics/target_position/contact_seen,1445,0.0004191001105383296,0.0,0.041005294770002365,0.0,0.0,0.00302469138987361,0.0
late_third,2892,4336,Metrics/target_position/push_seen,1445,0.0001529250071612815,0.0,0.039351850748062134,0.0,0.0,0.0,0.0
late_third,2892,4336,Metrics/target_position/settled_time_s,1445,0.0,0.0,0.0,0.0,0.0,0.0,0.0
late_third,2892,4336,Metrics/target_position/success,1445,0.0,0.0,0.0,0.0,0.0,0.0,0.0
late_third,2892,4336,Metrics/target_position/failure,1445,0.04642404440780747,0.0,0.33335137367248535,0.0069444444961845875,0.033862434327602386,0.1362169444561004,0.057473547756671906
late_third,2892,4336,Metrics/target_position/raw_palm_contact,1445,5.06215562857043e-05,0.0,0.013888888992369175,0.0,0.0,0.0,0.0
late_third,2892,4336,Metrics/target_position/raw_contact_seen,1445,0.0008981602319603251,0.0,0.07037036865949631,0.0,0.0,0.0069444444961845875,0.0
late_third,2892,4336,Metrics/target_position/raw_palm_force_peak_n,1445,0.00019070399980702048,0.0,0.07300098985433578,0.0,0.0,0.0,0.0
late_third,2892,4336,Metrics/target_position/side_alignment_gate,1445,4.1810842392044495e-05,0.0,0.013888888992369175,0.0,0.0,0.0,0.0
late_third,2892,4336,Metrics/target_position/side_gate_seen,1445,0.00042871179842232215,0.0,0.041005294770002365,0.0,0.0,0.003086419776082039,0.0
late_third,2892,4336,Metrics/target_position/grounded,1445,0.99919013263445,0.9652777910232544,1.0,0.9930555820465088,1.0,1.0,1.0
late_third,2892,4336,Metrics/target_position/grounded_seen,1445,1.0,1.0,1.0,1.0,1.0,1.0,1.0
late_third,2892,4336,Metrics/target_position/palm_normal_alignment_cos,1445,0.9579755527750431,0.773064136505127,0.9962596893310547,0.9052950382232666,0.9655157923698425,0.9883777737617493,0.9872544407844543
late_third,2892,4336,Metrics/target_position/palm_force_alignment_cos,1445,-0.9999053553313945,-1.0,-0.9722222089767456,-1.0,-1.0,-1.0,-1.0
late_third,2892,4336,Metrics/target_position/preferred_roll_cos,1445,0.9515730565806986,0.5734595060348511,0.9976997375488281,0.8756745457649231,0.96441650390625,0.9923659682273864,0.9865866899490356
late_third,2892,4336,Metrics/target_position/palm_height_error_m,1445,0.43797005023098323,0.2716711461544037,0.6036255359649658,0.335215425491333,0.4400428831577301,0.5258818864822388,0.342683345079422
late_third,2892,4336,Metrics/target_position/approach_gap_m,1445,0.6231913103158087,0.45782777667045593,0.9141215085983276,0.5018417596817016,0.6127049922943115,0.8135794281959532,0.5104732513427734
late_third,2892,4336,Metrics/target_position/actual_forward_m,1445,0.00022340467259944293,-0.004824745003134012,0.009374340996146202,-0.0006554377265274525,3.2409872801508754e-05,0.001817501662299036,-5.496453741216101e-05
late_third,2892,4336,Metrics/target_position/best_forward_m,1445,0.0006794078611212083,0.00013323017628863454,0.009539883583784103,0.0001844162616180256,0.0003595122543629259,0.002320326631888746,0.00021306682901922613
late_third,2892,4336,Metrics/target_position/actual_cube_displacement_m,1445,0.0014717033500686468,0.0005169408395886421,0.014077105559408665,0.0005502560059539973,0.001064997399225831,0.003867133008316159,0.0006722205434925854
late_third,2892,4336,Metrics/target_position/input_action_clip_fraction,1445,0.8435465833720039,0.7843006253242493,0.8965113162994385,0.8163349151611328,0.8440559506416321,0.8700444459915161,0.8368634581565857
late_third,2892,4336,Metrics/target_position/input_action_clip_any,1445,1.0,1.0,1.0,1.0,1.0,1.0,1.0
late_third,2892,4336,Metrics/target_position/invalid_input_action,1445,0.0,0.0,0.0,0.0,0.0,0.0,0.0
late_third,2892,4336,Metrics/target_position/raw_contact_time_s,1445,0.00018352976125350003,0.0,0.03438888117671013,0.0,0.0,0.000666666601318866,0.0
late_third,2892,4336,Metrics/target_position/valid_push_contact_time_s,1445,7.781408521025297e-05,0.0,0.012824074365198612,0.0,0.0,0.00011111111962236464,0.0
late_third,2892,4336,Episode_Termination/time_out,1445,0.9529645840601938,0.7994520664215088,0.9868435263633728,0.8646674275398254,0.9639892578125,0.978648567199707,0.9675428867340088
late_third,2892,4336,Episode_Termination/success,1445,0.0,0.0,0.0,0.0,0.0,0.0,0.0
late_third,2892,4336,Episode_Termination/failure,1445,0.04703542362498989,0.013156467117369175,0.2005479633808136,0.02135145366191864,0.0360107421875,0.13533257544040675,0.0324571393430233
late_third,2892,4336,Loss/value,1445,2.8282109692021407,5.759298801422119e-05,2221.17041015625,0.0004935772158205509,0.0017170115606859326,0.15186018943786614,0.0016877122689038515
late_third,2892,4336,Loss/surrogate,1445,-0.001638807850963452,-0.0049752951599657536,0.010912866331636906,-0.003091763658449054,-0.001817460055463016,0.00017375426832586484,-0.0021615182049572468
late_third,2892,4336,Loss/entropy,1445,24.01515969801114,22.569053649902344,25.140615463256836,23.313478851318358,23.993757247924805,24.777053833007812,24.28447723388672
late_third,2892,4336,Loss/learning_rate,1445,0.0074605238015997,9.999999747378752e-06,0.009999999776482582,9.999999747378752e-06,0.009999999776482582,0.009999999776482582,0.009999999776482582
late_third,2892,4336,Policy/mean_std,1445,4.882333673985359,4.0634870529174805,5.6161274909973145,4.4663135528564455,4.860659122467041,5.358898448944092,5.058475017547607
late_third,2892,4336,Perf/total_fps,1445,6784.707958477508,5800.0,7845.0,6247.6,6764.0,7342.0,6689.0
late_third,2892,4336,Perf/collection_time,1445,10.740821171136876,9.254714965820312,12.560155868530273,9.881311416625977,10.748604774475098,11.646118545532227,10.857800483703613
late_third,2892,4336,Perf/learning_time,1445,0.15211207214936254,0.14000344276428223,0.19658946990966797,0.14380350112915039,0.147538423538208,0.18044018745422363,0.1629624366760254
late_third,2892,4336,Train/mean_reward,1445,-0.6399389471974752,-39.33318328857422,-0.32061445713043213,-1.1766714334487915,-0.48462170362472534,-0.37622777819633485,-0.5150777101516724
late_third,2892,4336,Train/mean_episode_length,1445,490.62567463911114,396.0400085449219,500.0,471.7179931640625,493.2799987792969,499.99199829101565,493.7799987792969
last_300,4037,4336,Episode_Reward/action_rate,300,-0.0017434655754671742,-0.0018103268230333924,-0.0013628087472170591,-0.0017924172105267643,-0.0017534166690893471,-0.0016645917436107992,-0.0017607235349714756
last_300,4037,4336,Episode_Reward/approach,300,5.098080549638932e-05,7.3158244049409404e-06,0.00016537531337235123,1.8546118553786073e-05,4.6934681449783966e-05,0.00010470716879353862,7.411026308545843e-05
last_300,4037,4336,Episode_Reward/progress,300,8.193588901879897e-06,0.0,0.0011341602075845003,0.0,0.0,0.0,0.0
last_300,4037,4336,Episode_Reward/backslide,300,-4.389797607603126e-08,-9.454017344978638e-06,0.0,0.0,0.0,0.0,0.0
last_300,4037,4336,Episode_Reward/first_contact,300,6.465315012367985e-07,0.0,2.222222428827081e-05,0.0,0.0,6.261023099796168e-06,0.0
last_300,4037,4336,Episode_Reward/contact,300,1.3024690469857585e-08,0.0,1.1805552730947966e-06,0.0,0.0,5.625000110143235e-08,0.0
last_300,4037,4336,Episode_Reward/alignment,300,-0.0014621601076214574,-0.004266494885087013,-0.00034693136694841087,-0.0032272721757180987,-0.0012120965402573347,-0.000560567865613848,-0.00046367343747988343
last_300,4037,4336,Episode_Reward/success,300,0.0,0.0,0.0,0.0,0.0,0.0,0.0
last_300,4037,4336,Episode_Reward/failure,300,-0.008474544416336964,-0.05747836083173752,0.0,-0.01969521548599005,-0.00648148194886744,-0.0015404542733449484,-0.011494709178805351
last_300,4037,4336,Episode_Reward/roll,300,-0.0004726030627110352,-0.0017498739762231708,-0.00010025883238995448,-0.001101214118534699,-0.0003986173833254725,-0.00017034941411111503,-0.00015023625746835023
last_300,4037,4336,Episode_Reward/action_excess,300,-0.036112474153439204,-0.07343769073486328,-0.026976535096764565,-0.046161139383912086,-0.033884402364492416,-0.0283449069596827,-0.03893944248557091
last_300,4037,4336,Metrics/target_position/goal_distance_m,300,0.24974409282207488,0.24145780503749847,0.26305997371673584,0.24487836733460427,0.24975065141916275,0.25413862615823746,0.24732576310634613
last_300,4037,4336,Metrics/target_position/side_contact,300,0.0,0.0,0.0,0.0,0.0,0.0,0.0
last_300,4037,4336,Metrics/target_position/contact_seen,300,0.000323265731955568,0.0,0.011111111380159855,0.0,0.0,0.0031305114971473913,0.0
last_300,4037,4336,Metrics/target_position/push_seen,300,3.8580247201025485e-05,0.0,0.0069444444961845875,0.0,0.0,0.0,0.0
last_300,4037,4336,Metrics/target_position/settled_time_s,300,0.0,0.0,0.0,0.0,0.0,0.0,0.0
last_300,4037,4336,Metrics/target_position/success,300,0.0,0.0,0.0,0.0,0.0,0.0,0.0
last_300,4037,4336,Metrics/target_position/failure,300,0.04237272124815111,0.0,0.2873917818069458,0.007702271221205592,0.03240740858018398,0.09847608283162118,0.057473547756671906
last_300,4037,4336,Metrics/target_position/raw_palm_contact,300,5.787037080153823e-05,0.0,0.013888888992369175,0.0,0.0,0.0,0.0
last_300,4037,4336,Metrics/target_position/raw_contact_seen,300,0.0007634479886231324,0.0,0.03333333507180214,0.0,0.0,0.0055555556900799274,0.0
last_300,4037,4336,Metrics/target_position/raw_palm_force_peak_n,300,6.690129327277342e-05,0.0,0.0165389571338892,0.0,0.0,0.0,0.0
last_300,4037,4336,Metrics/target_position/side_alignment_gate,300,4.629629664123058e-05,0.0,0.013888888992369175,0.0,0.0,0.0,0.0
last_300,4037,4336,Metrics/target_position/side_gate_seen,300,0.0003695620285967986,0.0,0.013888888992369175,0.0,0.0,0.003968254197388887,0.0
last_300,4037,4336,Metrics/target_position/grounded,300,0.9993183378378551,0.9861111044883728,1.0,0.9944444298744202,1.0,1.0,1.0
last_300,4037,4336,Metrics/target_position/grounded_seen,300,1.0,1.0,1.0,1.0,1.0,1.0,1.0
last_300,4037,4336,Metrics/target_position/palm_normal_alignment_cos,300,0.9698241394758225,0.898886501789093,0.9962596893310547,0.9320416271686554,0.9753421247005463,0.9918054401874542,0.9872544407844543
last_300,4037,4336,Metrics/target_position/palm_force_alignment_cos,300,-0.9998843357960383,-1.0,-0.9722222089767456,-1.0,-1.0,-1.0,-1.0
last_300,4037,4336,Metrics/target_position/preferred_roll_cos,300,0.9685459675391516,0.8687523007392883,0.9976997375488281,0.9186909586191178,0.9762105047702789,0.9939402371644974,0.9865866899490356
last_300,4037,4336,Metrics/target_position/palm_height_error_m,300,0.39341337511936825,0.2716711461544037,0.5398972034454346,0.3083588734269142,0.39167214930057526,0.4989282786846161,0.342683345079422
last_300,4037,4336,Metrics/target_position/approach_gap_m,300,0.5664413784941037,0.45782777667045593,0.7359809279441833,0.4770231544971466,0.5642461478710175,0.6789920061826706,0.5104732513427734
last_300,4037,4336,Metrics/target_position/actual_forward_m,300,0.0001245816828062137,-0.002275025937706232,0.005916690919548273,-0.0005592182016698644,6.94853110871918e-06,0.0011803257279098041,-5.496453741216101e-05
last_300,4037,4336,Metrics/target_position/best_forward_m,300,0.000571237371089713,0.00016135834448505193,0.006901253946125507,0.0001853966408816632,0.00033435371005907655,0.0016607606026809688,0.00021306682901922613
last_300,4037,4336,Metrics/target_position/actual_cube_displacement_m,300,0.001349453300742122,0.0005281640333123505,0.014077105559408665,0.0005520138860447332,0.0010075013851746917,0.0031778250704519464,0.0006722205434925854
last_300,4037,4336,Metrics/target_position/input_action_clip_fraction,300,0.8405749783913294,0.7976639270782471,0.8933200836181641,0.8142155647277832,0.8393463492393494,0.8654931634664536,0.8368634581565857
last_300,4037,4336,Metrics/target_position/input_action_clip_any,300,1.0,1.0,1.0,1.0,1.0,1.0,1.0
last_300,4037,4336,Metrics/target_position/invalid_input_action,300,0.0,0.0,0.0,0.0,0.0,0.0,0.0
last_300,4037,4336,Metrics/target_position/raw_contact_time_s,300,5.763080548301029e-05,0.0,0.0023611111100763083,0.0,0.0,0.00037407407507998954,0.0
last_300,4037,4336,Metrics/target_position/valid_push_contact_time_s,300,2.6049382674197357e-05,0.0,0.0023611111100763083,0.0,0.0,0.00011250000825384663,0.0
last_300,4037,4336,Episode_Termination/time_out,300,0.9564885852734247,0.8459743857383728,0.9826931357383728,0.9072095900774002,0.9631076455116272,0.9790323823690414,0.9675428867340088
last_300,4037,4336,Episode_Termination/success,300,0.0,0.0,0.0,0.0,0.0,0.0,0.0
last_300,4037,4336,Episode_Termination/failure,300,0.04351142080500722,0.01730685867369175,0.1540256142616272,0.02096761167049408,0.0368923619389534,0.09279038943350318,0.0324571393430233
last_300,4037,4336,Loss/value,300,0.002545964970292213,0.00011563645966816694,0.045180585235357285,0.0004927159054204822,0.0014976157690398395,0.005899002146907159,0.0016877122689038515
last_300,4037,4336,Loss/surrogate,300,-0.0020467187190418676,-0.00387854827567935,0.008918611332774162,-0.003419269109144807,-0.0023072782205417752,0.00010183576268900805,-0.0021615182049572468
last_300,4037,4336,Loss/entropy,300,23.90564463933309,22.98941421508789,25.000120162963867,23.207541847229002,23.82547664642334,24.78180913925171,24.28447723388672
last_300,4037,4336,Loss/learning_rate,300,0.009107049372645027,9.999999747378752e-06,0.009999999776482582,0.0019137584487907595,0.009999999776482582,0.009999999776482582,0.009999999776482582
last_300,4037,4336,Policy/mean_std,300,4.8173632589976,4.2900495529174805,5.5188212394714355,4.403341317176819,4.759081840515137,5.358234906196595,5.058475017547607
last_300,4037,4336,Perf/total_fps,300,6835.1033333333335,5933.0,7690.0,6310.85,6809.5,7437.3,6689.0
last_300,4037,4336,Perf/collection_time,300,10.661348991394043,9.439926147460938,12.27624225616455,9.75355544090271,10.670257568359375,11.537595653533936,10.857800483703613
last_300,4037,4336,Perf/learning_time,300,0.15174763202667235,0.14072108268737793,0.19658946990966797,0.14395214319229127,0.1476590633392334,0.1768947958946228,0.1629624366760254
last_300,4037,4336,Train/mean_reward,300,-0.4836332962910334,-1.3609222173690796,-0.3264828026294708,-0.6483476400375366,-0.45756421983242035,-0.366248907148838,-0.5150777101516724
last_300,4037,4336,Train/mean_episode_length,300,489.90989959716796,396.0400085449219,500.0,471.01299743652345,493.0,499.36548614501953,493.7799987792969
last_100,4237,4336,Episode_Reward/action_rate,100,-0.0017556758655700832,-0.0018103268230333924,-0.0016122106462717056,-0.0018015658424701542,-0.0017601156141608953,-0.0016784251958597452,-0.0017607235349714756
last_100,4237,4336,Episode_Reward/approach,100,6.166720813780558e-05,1.726822847558651e-05,0.00014500392717309296,2.969828756249626e-05,5.538799814530648e-05,0.00011157924818689933,7.411026308545843e-05
last_100,4237,4336,Episode_Reward/progress,100,1.162019891125965e-05,0.0,0.0011341602075845003,0.0,0.0,0.0,0.0
last_100,4237,4336,Episode_Reward/backslide,100,-2.5339659925904813e-09,-2.501220990325237e-07,0.0,0.0,0.0,0.0,0.0
last_100,4237,4336,Episode_Reward/first_contact,100,4.351852203399176e-07,0.0,1.8518519937060773e-05,0.0,0.0,0.0,0.0
last_100,4237,4336,Episode_Reward/contact,100,1.606481198734855e-08,0.0,1.1805552730947966e-06,0.0,0.0,0.0,0.0
last_100,4237,4336,Episode_Reward/alignment,100,-0.0011578666474088095,-0.004258487373590469,-0.00034693136694841087,-0.003462710988242179,-0.0009082479227799922,-0.00043537204037420453,-0.00046367343747988343
last_100,4237,4336,Episode_Reward/success,100,0.0,0.0,0.0,0.0,0.0,0.0,0.0
last_100,4237,4336,Episode_Reward/failure,100,-0.009624743943568319,-0.03756614029407501,-0.0015432100044563413,-0.019859789125621318,-0.007970679551362991,-0.0036739419680088775,-0.011494709178805351
last_100,4237,4336,Episode_Reward/roll,100,-0.00042223553158692083,-0.0017498739762231708,-0.00010025883238995448,-0.0014010196144226938,-0.00029594043735414743,-0.00012824643526982983,-0.00015023625746835023
last_100,4237,4336,Episode_Reward/action_excess,100,-0.038442181553691626,-0.04624320939183235,-0.030255790799856186,-0.04578782115131617,-0.039274269714951515,-0.03193811886012554,-0.03893944248557091
last_100,4237,4336,Metrics/target_position/goal_distance_m,100,0.24997233748435974,0.24328401684761047,0.2566932141780853,0.2454004928469658,0.2501814216375351,0.2541281446814537,0.24732576310634613
last_100,4237,4336,Metrics/target_position/side_contact,100,0.0,0.0,0.0,0.0,0.0,0.0,0.0
last_100,4237,4336,Metrics/target_position/contact_seen,100,0.0002175925951451063,0.0,0.009259259328246117,0.0,0.0,0.0,0.0
last_100,4237,4336,Metrics/target_position/push_seen,100,6.944444496184587e-05,0.0,0.0069444444961845875,0.0,0.0,0.0,0.0
last_100,4237,4336,Metrics/target_position/settled_time_s,100,0.0,0.0,0.0,0.0,0.0,0.0,0.0
last_100,4237,4336,Metrics/target_position/success,100,0.0,0.0,0.0,0.0,0.0,0.0,0.0
last_100,4237,4336,Metrics/target_position/failure,100,0.0481237189238891,0.0077160499058663845,0.18783068656921387,0.01836970914155245,0.03985339589416981,0.09929894767701623,0.057473547756671906
last_100,4237,4336,Metrics/target_position/raw_palm_contact,100,0.0,0.0,0.0,0.0,0.0,0.0,0.0
last_100,4237,4336,Metrics/target_position/raw_contact_seen,100,0.0002175925951451063,0.0,0.009259259328246117,0.0,0.0,0.0,0.0
last_100,4237,4336,Metrics/target_position/raw_palm_force_peak_n,100,0.0,0.0,0.0,0.0,0.0,0.0,0.0
last_100,4237,4336,Metrics/target_position/side_alignment_gate,100,0.0,0.0,0.0,0.0,0.0,0.0,0.0
last_100,4237,4336,Metrics/target_position/side_gate_seen,100,0.0002175925951451063,0.0,0.009259259328246117,0.0,0.0,0.0,0.0
last_100,4237,4336,Metrics/target_position/grounded,100,0.9992959666252136,0.9861111044883728,1.0,0.9943749874830246,1.0,1.0,1.0
last_100,4237,4336,Metrics/target_position/grounded_seen,100,1.0,1.0,1.0,1.0,1.0,1.0,1.0
last_100,4237,4336,Metrics/target_position/palm_normal_alignment_cos,100,0.9759078323841095,0.9018497467041016,0.9962596893310547,0.9393383204936981,0.980901449918747,0.9950021952390671,0.9872544407844543
last_100,4237,4336,Metrics/target_position/palm_force_alignment_cos,100,-1.0,-1.0,-1.0,-1.0,-1.0,-1.0,-1.0
last_100,4237,4336,Metrics/target_position/preferred_roll_cos,100,0.9739238715171814,0.8812800049781799,0.9976997375488281,0.9347265034914016,0.979312539100647,0.9956927984952927,0.9865866899490356
last_100,4237,4336,Metrics/target_position/palm_height_error_m,100,0.34503112941980363,0.2716711461544037,0.4185628294944763,0.29977708905935285,0.34297052025794983,0.40600741654634476,0.342683345079422
last_100,4237,4336,Metrics/target_position/approach_gap_m,100,0.518189926147461,0.45837095379829407,0.597240686416626,0.4730884552001953,0.5137744545936584,0.5673576891422272,0.5104732513427734
last_100,4237,4336,Metrics/target_position/actual_forward_m,100,0.00010901069238570926,-0.002275025937706232,0.005916690919548273,-0.0007057914888719096,-2.1972483409626875e-05,0.0010423019935842594,-5.496453741216101e-05
last_100,4237,4336,Metrics/target_position/best_forward_m,100,0.0006917864613933489,0.00016135834448505193,0.006901253946125507,0.00018883591910707765,0.00038499927904922515,0.0019694274407811457,0.00021306682901922613
last_100,4237,4336,Metrics/target_position/actual_cube_displacement_m,100,0.0017034798732493072,0.0005644128541462123,0.014077105559408665,0.0006815437518525869,0.001266773382667452,0.004631868633441626,0.0006722205434925854
last_100,4237,4336,Metrics/target_position/input_action_clip_fraction,100,0.8494807630777359,0.8063327074050903,0.8933200836181641,0.8256635814905167,0.8496521413326263,0.8698321789503097,0.8368634581565857
last_100,4237,4336,Metrics/target_position/input_action_clip_any,100,1.0,1.0,1.0,1.0,1.0,1.0,1.0
last_100,4237,4336,Metrics/target_position/invalid_input_action,100,0.0,0.0,0.0,0.0,0.0,0.0,0.0
last_100,4237,4336,Metrics/target_position/raw_contact_time_s,100,3.212962896213867e-05,0.0,0.0023611111100763083,0.0,0.0,0.0,0.0
last_100,4237,4336,Metrics/target_position/valid_push_contact_time_s,100,3.212962896213867e-05,0.0,0.0023611111100763083,0.0,0.0,0.0,0.0
last_100,4237,4336,Episode_Termination/time_out,100,0.9510145455598831,0.9053412675857544,0.9735921025276184,0.9117214947938919,0.9566582441329956,0.9700249493122101,0.9675428867340088
last_100,4237,4336,Episode_Termination/success,100,0.0,0.0,0.0,0.0,0.0,0.0,0.0
last_100,4237,4336,Episode_Termination/failure,100,0.04898546067997813,0.02640787698328495,0.0946587473154068,0.02997504435479641,0.0433417446911335,0.08827854134142397,0.0324571393430233
last_100,4237,4336,Loss/value,100,0.002847375176497735,0.0003497533907648176,0.041636109352111816,0.0007466524402843788,0.0016984740504994988,0.0048307794844731685,0.0016877122689038515
last_100,4237,4336,Loss/surrogate,100,-0.0026636756549123673,-0.003752664662897587,0.0007410998223349452,-0.0034811882069334388,-0.002699434873647988,-0.0017257545841857795,-0.0021615182049572468
last_100,4237,4336,Loss/entropy,100,24.32253282546997,23.668479919433594,25.000120162963867,23.721648979187012,24.343900680541992,24.931246852874757,24.28447723388672
last_100,4237,4336,Loss/learning_rate,100,0.00986419731285423,0.0019753086380660534,0.009999999776482582,0.009999999776482582,0.009999999776482582,0.009999999776482582,0.009999999776482582
last_100,4237,4336,Policy/mean_std,100,5.0753136825561525,4.671329498291016,5.5188212394714355,4.695898818969726,5.076793432235718,5.47160382270813,5.058475017547607
last_100,4237,4336,Perf/total_fps,100,6776.39,5933.0,7623.0,6300.75,6731.0,7353.0,6689.0
last_100,4237,4336,Perf/collection_time,100,10.749923725128173,9.497617721557617,12.27624225616455,9.876989936828613,10.805052280426025,11.5525071144104,10.857800483703613
last_100,4237,4336,Perf/learning_time,100,0.1527381181716919,0.14102458953857422,0.18857836723327637,0.14379702806472777,0.1483515501022339,0.17797520160675048,0.1629624366760254
last_100,4237,4336,Train/mean_reward,100,-0.5151473093032837,-0.734289824962616,-0.36959120631217957,-0.6354496568441391,-0.5230613350868225,-0.3992262601852417,-0.5150777101516724
last_100,4237,4336,Train/mean_episode_length,100,489.2972003173828,458.3800048828125,499.2300109863281,474.03399047851565,491.68499755859375,498.5329986572266,493.7799987792969
checkpoint_last_100,4201,4300,Episode_Reward/action_rate,100,-0.0017454521474428474,-0.0018103268230333924,-0.0016122106462717056,-0.0017931859998498111,-0.0017482637194916606,-0.0016784251958597452,-0.001779288286343217
checkpoint_last_100,4201,4300,Episode_Reward/approach,100,6.009519722283585e-05,2.316916834388394e-05,0.00014500392717309296,3.1151110124483236e-05,5.3056290198583156e-05,0.00010797281502163968,4.6415108954533935e-05
checkpoint_last_100,4201,4300,Episode_Reward/progress,100,1.4122275224508485e-05,0.0,0.0011341602075845003,0.0,0.0,0.0,0.0
checkpoint_last_100,4201,4300,Episode_Reward/backslide,100,-3.0971679931823813e-09,-2.501220990325237e-07,0.0,0.0,0.0,0.0,0.0
checkpoint_last_100,4201,4300,Episode_Reward/first_contact,100,8.540564977010945e-07,0.0,1.8518519937060773e-05,0.0,0.0,8.095238354144376e-06,0.0
checkpoint_last_100,4201,4300,Episode_Reward/contact,100,2.165343651938656e-08,0.0,1.1805552730947966e-06,0.0,0.0,9.25925931483107e-08,0.0
checkpoint_last_100,4201,4300,Episode_Reward/alignment,100,-0.0012430598569335416,-0.004258487373590469,-0.00034693136694841087,-0.003462710988242179,-0.0009948221850208938,-0.0005567430547671393,-0.0004231366328895092
checkpoint_last_100,4201,4300,Episode_Reward/success,100,0.0,0.0,0.0,0.0,0.0,0.0,0.0
checkpoint_last_100,4201,4300,Episode_Reward/failure,100,-0.008681157235405407,-0.03756614029407501,0.0,-0.019859789125621318,-0.006600529421120882,-0.002147817565128209,-0.008425925858318806
checkpoint_last_100,4201,4300,Episode_Reward/roll,100,-0.0004508637617982458,-0.0017498739762231708,-0.00010165492130909115,-0.0014010196144226938,-0.0003363848081789911,-0.00016581654563196935,-0.00011600967991398647
checkpoint_last_100,4201,4300,Episode_Reward/action_excess,100,-0.03549538442865014,-0.04624320939183235,-0.030255790799856186,-0.04578782115131617,-0.03295244462788105,-0.031096212472766636,-0.04291342943906784
checkpoint_last_100,4201,4300,Metrics/target_position/goal_distance_m,100,0.24996548280119896,0.24328401684761047,0.2566932141780853,0.24487836733460427,0.25001373142004013,0.25424355566501616,0.2503601610660553
checkpoint_last_100,4201,4300,Metrics/target_position/side_contact,100,0.0,0.0,0.0,0.0,0.0,0.0,0.0
checkpoint_last_100,4201,4300,Metrics/target_position/contact_seen,100,0.00042702822480350733,0.0,0.009259259328246117,0.0,0.0,0.004047619272023435,0.0
checkpoint_last_100,4201,4300,Metrics/target_position/push_seen,100,6.944444496184587e-05,0.0,0.0069444444961845875,0.0,0.0,0.0,0.0
checkpoint_last_100,4201,4300,Metrics/target_position/settled_time_s,100,0.0,0.0,0.0,0.0,0.0,0.0,0.0
checkpoint_last_100,4201,4300,Metrics/target_position/success,100,0.0,0.0,0.0,0.0,0.0,0.0,0.0
checkpoint_last_100,4201,4300,Metrics/target_position/failure,100,0.043405785621143875,0.0,0.18783068656921387,0.01073908756952733,0.03300264663994312,0.09929894767701623,0.042129628360271454
checkpoint_last_100,4201,4300,Metrics/target_position/raw_palm_contact,100,0.0,0.0,0.0,0.0,0.0,0.0,0.0
checkpoint_last_100,4201,4300,Metrics/target_position/raw_contact_seen,100,0.00042702822480350733,0.0,0.009259259328246117,0.0,0.0,0.004047619272023435,0.0
checkpoint_last_100,4201,4300,Metrics/target_position/raw_palm_force_peak_n,100,0.0,0.0,0.0,0.0,0.0,0.0,0.0
checkpoint_last_100,4201,4300,Metrics/target_position/side_alignment_gate,100,0.0,0.0,0.0,0.0,0.0,0.0,0.0
checkpoint_last_100,4201,4300,Metrics/target_position/side_gate_seen,100,0.00042702822480350733,0.0,0.009259259328246117,0.0,0.0,0.004047619272023435,0.0
checkpoint_last_100,4201,4300,Metrics/target_position/grounded,100,0.9993118399381637,0.9861111044883728,1.0,0.9943749874830246,1.0,1.0,1.0
checkpoint_last_100,4201,4300,Metrics/target_position/grounded_seen,100,1.0,1.0,1.0,1.0,1.0,1.0,1.0
checkpoint_last_100,4201,4300,Metrics/target_position/palm_normal_alignment_cos,100,0.9746197527647018,0.9018497467041016,0.9962596893310547,0.9393383204936981,0.9796764552593231,0.9943745017051697,0.9941504001617432
checkpoint_last_100,4201,4300,Metrics/target_position/palm_force_alignment_cos,100,-1.0,-1.0,-1.0,-1.0,-1.0,-1.0,-1.0
checkpoint_last_100,4201,4300,Metrics/target_position/preferred_roll_cos,100,0.9733718651533126,0.8812800049781799,0.9968964457511902,0.9347265034914016,0.9785642027854919,0.9950114965438843,0.9968964457511902
checkpoint_last_100,4201,4300,Metrics/target_position/palm_height_error_m,100,0.3620573905110359,0.2998794913291931,0.42239561676979065,0.32313615530729295,0.3593796640634537,0.41543641984462737,0.33353129029273987
checkpoint_last_100,4201,4300,Metrics/target_position/approach_gap_m,100,0.5256970357894898,0.45782777667045593,0.6087835431098938,0.4698071300983429,0.5286699533462524,0.5847721040248871,0.517100989818573
checkpoint_last_100,4201,4300,Metrics/target_position/actual_forward_m,100,9.360727786770439e-05,-0.002275025937706232,0.005916690919548273,-0.0007057914888719096,-3.016981099790428e-05,0.0011173870298080142,-4.678521690948401e-06
checkpoint_last_100,4201,4300,Metrics/target_position/best_forward_m,100,0.00065690441741026,0.00016135834448505193,0.006901253946125507,0.00018745700144791045,0.00033709968556649983,0.001909879286540672,0.0002791034057736397
checkpoint_last_100,4201,4300,Metrics/target_position/actual_cube_displacement_m,100,0.0016173313825856893,0.0005384169053286314,0.014077105559408665,0.0006051983858924359,0.0011514885118231177,0.004631868633441626,0.0007284473977051675
checkpoint_last_100,4201,4300,Metrics/target_position/input_action_clip_fraction,100,0.8439413678646087,0.8063327074050903,0.8875289559364319,0.8207008481025696,0.8427062928676605,0.8693473368883133,0.8697007298469543
checkpoint_last_100,4201,4300,Metrics/target_position/input_action_clip_any,100,1.0,1.0,1.0,1.0,1.0,1.0,1.0
checkpoint_last_100,4201,4300,Metrics/target_position/invalid_input_action,100,0.0,0.0,0.0,0.0,0.0,0.0,0.0
checkpoint_last_100,4201,4300,Metrics/target_position/raw_contact_time_s,100,4.330687792389654e-05,0.0,0.0023611111100763083,0.0,0.0,0.0001851851848186925,0.0
checkpoint_last_100,4201,4300,Metrics/target_position/valid_push_contact_time_s,100,4.330687792389654e-05,0.0,0.0023611111100763083,0.0,0.0,0.0001851851848186925,0.0
checkpoint_last_100,4201,4300,Episode_Termination/time_out,100,0.9572775667905807,0.9053412675857544,0.9820827841758728,0.9117214947938919,0.965576171875,0.9790595173835754,0.9602186679840088
checkpoint_last_100,4201,4300,Episode_Termination/success,100,0.0,0.0,0.0,0.0,0.0,0.0,0.0
checkpoint_last_100,4201,4300,Episode_Termination/failure,100,0.042722439765930174,0.01791721023619175,0.0946587473154068,0.020940483920276164,0.034423828125,0.08827854134142397,0.0397813580930233
checkpoint_last_100,4201,4300,Loss/value,100,0.00265141579133342,0.00013925216626375914,0.041636109352111816,0.00044099255610490217,0.001502973900642246,0.0048307794844731685,0.0018784650601446629
checkpoint_last_100,4201,4300,Loss/surrogate,100,-0.0025735955755226314,-0.003752664662897587,0.0007410998223349452,-0.0034811882069334388,-0.0026054809568449855,-0.0016029865480959417,-0.0024888941552489996
checkpoint_last_100,4201,4300,Loss/entropy,100,24.0376580619812,23.42232894897461,25.000120162963867,23.48707847595215,23.78062152862549,24.931246852874757,24.638288497924805
checkpoint_last_100,4201,4300,Loss/learning_rate,100,0.009830863983370363,0.0019753086380660534,0.009999999776482582,0.009999999776482582,0.009999999776482582,0.009999999776482582,0.009999999776482582
checkpoint_last_100,4201,4300,Policy/mean_std,100,4.902455883026123,4.5087761878967285,5.5188212394714355,4.56762466430664,4.730612516403198,5.47160382270813,5.299002647399902
checkpoint_last_100,4201,4300,Perf/total_fps,100,6801.73,6077.0,7624.0,6307.55,6739.5,7373.8,7039.0
checkpoint_last_100,4201,4300,Perf/collection_time,100,10.710494289398193,9.497617721557617,11.974294662475586,9.843762016296386,10.790494918823242,11.540808916091919,10.327879905700684
checkpoint_last_100,4201,4300,Perf/learning_time,100,0.15361417770385744,0.14213180541992188,0.19658946990966797,0.14407552480697633,0.1483515501022339,0.18571462631225585,0.14603829383850098
checkpoint_last_100,4201,4300,Train/mean_reward,100,-0.4813442724943161,-0.734289824962616,-0.35944071412086487,-0.6254564106464386,-0.45142751932144165,-0.37436470091342927,-0.5353168249130249
checkpoint_last_100,4201,4300,Train/mean_episode_length,100,490.02449890136717,458.3800048828125,500.0,474.03399047851565,492.0699920654297,498.86150512695315,490.57000732421875
