window,start,end,term,episode_contribution,positive_share,negative_share
all,0,4336,action_rate,-0.017181667202527073,0.0,0.003579565551918679
all,0,4336,approach,0.000642755346656199,0.3622826107862083,0.0
all,0,4336,progress,0.00110954710471987,0.6253851080031559,0.0
all,0,4336,backslide,-5.215684171581175e-05,0.0,1.0866165180718625e-05
all,0,4336,first_contact,2.0419346241965575e-05,0.011509159909086996,0.0
all,0,4336,contact,1.4603671326342094e-06,0.0008231213015487839,0.0
all,0,4336,alignment,-0.0374336628525938,0.0,0.0077987920758687814
all,0,4336,success,0.0,0.0,0.0
all,0,4336,failure,-0.18758513073324767,0.0,0.03908079839458974
all,0,4336,roll,-0.013717459609080329,0.0,0.0028578452427060063
all,0,4336,action_excess,-4.543960795186833,0.0,0.946672132569736
first_10,0,9,action_rate,-0.003653303032479016,0.0,0.0055087249472407975
first_10,0,9,approach,0.007959707523696125,0.034612820028027735,0.0
first_10,0,9,progress,0.21969649521633983,0.955351088852638,0.0
first_10,0,9,backslide,-0.004860724719264908,0.0,0.007329366133779219
first_10,0,9,first_contact,0.002039088612946216,0.008866984995490714,0.0
first_10,0,9,contact,0.0002688524888299071,0.0011691061238435743,0.0
first_10,0,9,alignment,-0.01394504071799929,0.0,0.021027380704689094
first_10,0,9,success,0.0,0.0,0.0
first_10,0,9,failure,-0.6346995867788792,0.0,0.9570477501067576
first_10,0,9,roll,-0.0048492278441045755,0.0,0.00731203028114176
first_10,0,9,action_excess,-0.0011769859047490172,0.0,0.0017747478263915226
iterations_10_49,10,49,action_rate,-0.01174662094854284,0.0,0.05580693418531029
iterations_10_49,10,49,approach,0.0010841039456863655,0.08740466257017071,0.0
iterations_10_49,10,49,progress,0.011134054009744432,0.89767059480965,0.0
iterations_10_49,10,49,backslide,-0.0009766361129095458,0.0,0.004639893252271952
iterations_10_49,10,49,first_contact,0.0001714673153401236,0.013824359646277273,0.0
iterations_10_49,10,49,contact,1.364835111417051e-05,0.0011003829739020291,0.0
iterations_10_49,10,49,alignment,-0.02827066335157724,0.0,0.13431088446182024
iterations_10_49,10,49,success,0.0,0.0,0.0
iterations_10_49,10,49,failure,-0.15187040863384027,0.0,0.7215199959590314
iterations_10_49,10,49,roll,-0.007202827588116634,0.0,0.034219860070314606
iterations_10_49,10,49,action_excess,-0.010419606704090256,0.0,0.04950243207125158
iterations_50_99,50,99,action_rate,-0.01514413054101169,0.0,0.09228360093796416
iterations_50_99,50,99,approach,0.0004924440539980425,0.6633174196742024,0.0
iterations_50_99,50,99,progress,0.00024008082691580056,0.32338657220068834,0.0
iterations_50_99,50,99,backslide,-5.131297583460537e-06,0.0,3.126852460784308e-05
iterations_50_99,50,99,first_contact,9.497355404164409e-06,0.012792846678262908,0.0
iterations_50_99,50,99,contact,3.7354493542807177e-07,0.0005031614468463053,0.0
iterations_50_99,50,99,alignment,-0.019758907594950872,0.0,0.12040461078465739
iterations_50_99,50,99,success,0.0,0.0,0.0
iterations_50_99,50,99,failure,-0.06902341258246451,0.0,0.42060711540268364
iterations_50_99,50,99,roll,-0.007782338791002985,0.0,0.047423141619656196
iterations_50_99,50,99,action_excess,-0.05239032292738557,0.0,0.31925026273043083
first_100,0,99,action_rate,-0.012636043953170882,0.0,0.05433331278110324
first_100,0,99,approach,0.00147583435764318,0.05209638305490769,0.0
first_100,0,99,progress,0.026543311538989655,0.9369686498484986,0.0
first_100,0,99,backslide,-0.0008792925658820394,0.0,0.0037808413919119895
first_100,0,99,first_contact,0.0002772444651327533,0.009786622584443842,0.0
first_100,0,99,contact,3.253136179637295e-05,0.0011483445121497759,0.0
first_100,0,99,alignment,-0.022582223209906258,0.0,0.09710056418794202
first_100,0,99,success,0.0,0.0,0.0
first_100,0,99,failure,-0.1587298284226563,0.0,0.6825172061240617
first_100,0,99,roll,-0.007257223215158603,0.0,0.031205097127930487
first_100,0,99,action_excess,-0.030480702735803788,0.0,0.13106297838705058
early_third,0,1445,action_rate,-0.016673743717411184,0.0,0.001283061818115112
early_third,0,1445,approach,0.0008166806881561074,0.22526253362676224,0.0
early_third,0,1445,progress,0.0027597928719288963,0.761225217678894,0.0
early_third,0,1445,backslide,-0.00013060438759756322,0.0,1.005014265810955e-05
early_third,0,1445,first_contact,4.534966676441083e-05,0.012508659727886038,0.0
early_third,0,1445,contact,3.638473360646115e-06,0.0010035889664577896,0.0
early_third,0,1445,alignment,-0.06988849967825554,0.0,0.005377992308283038
early_third,0,1445,success,0.0,0.0,0.0
early_third,0,1445,failure,-0.33142251963075053,0.0,0.025503305544853697
early_third,0,1445,roll,-0.027565583502462833,0.0,0.002121200150698088
early_third,0,1445,action_excess,-12.549596035741754,0.0,0.965704390035392
middle_third,1446,2891,action_rate,-0.017540120713079133,0.0,0.023612736670115347
middle_third,1446,2891,approach,0.0005530830044857792,0.6257240644455523,0.0
middle_third,1446,2891,progress,0.0003229549301625161,0.365371327440988,0.0
middle_third,1446,2891,backslide,-7.144654174709062e-06,0.0,9.618225574733206e-06
middle_third,1446,2891,first_contact,7.518044681047822e-06,0.008505452954357529,0.0
middle_third,1446,2891,contact,3.5281675613336326e-07,0.00039915515910223496,0.0
middle_third,1446,2891,alignment,-0.0196444162781768,0.0,0.026445566493098933
middle_third,1446,2891,success,0.0,0.0,0.0
middle_third,1446,2891,failure,-0.13841926479329875,0.0,0.18634179907313533
middle_third,1446,2891,roll,-0.006426520638639356,0.0,0.008651464948704654
middle_third,1446,2891,action_excess,-0.5607870923172307,0.0,0.754938814589371
late_third,2892,4336,action_rate,-0.017331240616519663,0.0,0.026306199305798795
late_third,2892,4336,approach,0.0005584440407527801,0.6873064866369335,0.0
late_third,2892,4336,progress,0.00024529582792103395,0.3018984918306953,0.0
late_third,2892,4336,backslide,-1.8698344718871862e-05,0.0,2.838125635358872e-05
late_third,2892,4336,first_contact,8.382002699841861e-06,0.01031617208922812,0.0
late_third,2892,4336,contact,3.8907041202175836e-07,0.0004788494431431134,0.0
late_third,2892,4336,alignment,-0.02275792340394335,0.0,0.03454308217725606
late_third,2892,4336,success,0.0,0.0,0.0
late_third,2892,4336,failure,-0.09284809115080962,0.0,0.14092934516459635
late_third,2892,4336,roll,-0.00715573684190147,0.0,0.010861325147345878
late_third,2892,4336,action_excess,-0.5187155470948112,0.0,0.7873316669486493
last_300,4037,4336,action_rate,-0.017434655754671742,0.0,0.03612255373645491
last_300,4037,4336,approach,0.0005098080549638932,0.8520380986665161,0.0
last_300,4037,4336,progress,8.193588901879897e-05,0.13693879179110377,0.0
last_300,4037,4336,backslide,-4.3897976076031256e-07,0.0,9.095143730057014e-07
last_300,4037,4336,first_contact,6.465315012367985e-06,0.01080542893895282,0.0
last_300,4037,4336,contact,1.3024690469857585e-07,0.00021768060342717272,0.0
last_300,4037,4336,alignment,-0.014621601076214574,0.0,0.030294235688997823
last_300,4037,4336,success,0.0,0.0,0.0
last_300,4037,4336,failure,-0.08474544416336964,0.0,0.17558258125577172
last_300,4037,4336,roll,-0.004726030627110352,0.0,0.00979177895394813
last_300,4037,4336,action_excess,-0.36112474153439206,0.0,0.7482079408504544
last_100,4237,4336,action_rate,-0.017556758655700833,0.0,0.03415531981879304
last_100,4237,4336,approach,0.0006166720813780557,0.8362941580253829,0.0
last_100,4237,4336,progress,0.0001162019891125965,0.15758625626221145,0.0
last_100,4237,4336,backslide,-2.533965992590481e-08,0.0,4.929635394786851e-08
last_100,4237,4336,first_contact,4.351852203399176e-06,0.00590172424566346,0.0
last_100,4237,4336,contact,1.6064811987348547e-07,0.00021786146674214937,0.0
last_100,4237,4336,alignment,-0.011578666474088095,0.0,0.022525402567358417
last_100,4237,4336,success,0.0,0.0,0.0
last_100,4237,4336,failure,-0.09624743943568319,0.0,0.1872419698950659
last_100,4237,4336,roll,-0.004222355315869208,0.0,0.008214266598422799
last_100,4237,4336,action_excess,-0.38442181553691623,0.0,0.747862991824006
checkpoint_last_100,4201,4300,action_rate,-0.017454521474428473,0.0,0.03665690231565543
checkpoint_last_100,4201,4300,approach,0.0006009519722283584,0.8002750092209313,0.0
checkpoint_last_100,4201,4300,progress,0.00014122275224508484,0.18806334711918493,0.0
checkpoint_last_100,4201,4300,backslide,-3.097167993182381e-08,0.0,6.504479927885196e-08
checkpoint_last_100,4201,4300,first_contact,8.540564977010945e-06,0.011373289433406186,0.0
checkpoint_last_100,4201,4300,contact,2.165343651938656e-07,0.0002883542264777212,0.0
checkpoint_last_100,4201,4300,alignment,-0.012430598569335417,0.0,0.026105971346669348
checkpoint_last_100,4201,4300,success,0.0,0.0,0.0
checkpoint_last_100,4201,4300,failure,-0.08681157235405407,0.0,0.18231627445720122
checkpoint_last_100,4201,4300,roll,-0.004508637617982458,0.0,0.009468760801102628
checkpoint_last_100,4201,4300,action_excess,-0.3549538442865014,0.0,0.7454520260345721
